Matlab Date,Year,Month,ii Rate,CPI Level,Real GDP Level,Population
710852,1946,3,NaN,0.690846328514904,NaN,NaN
710943,1946,6,NaN,0.735212606225866,NaN,NaN
711035,1946,9,NaN,0.754226725249117,NaN,NaN
711127,1946,12,NaN,0.74471966573814,NaN,NaN
711217,1947,3,NaN,0.757395745106931,NaN,NaN
711308,1947,6,NaN,0.749301520083764,NaN,NaN
711400,1947,9,NaN,0.749301520083764,NaN,NaN
711492,1947,12,NaN,0.749301520083764,NaN,NaN
711583,1948,3,NaN,0.770071824496125,NaN,NaN
711674,1948,6,NaN,0.823945161625553,NaN,NaN
711766,1948,9,NaN,0.861973399648038,NaN,NaN
711858,1948,12,NaN,0.922184776496135,NaN,NaN
711948,1949,3,NaN,0.922184776581173,NaN,NaN
712039,1949,6,NaN,0.926767603035605,NaN,NaN
712131,1949,9,NaN,0.921879335384113,NaN,NaN
712223,1949,12,NaN,0.953931001369798,NaN,NaN
712313,1950,3,NaN,0.93491576556344,NaN,NaN
712404,1950,6,NaN,0.941254177435515,NaN,NaN
712496,1950,9,NaN,0.961665831243825,NaN,NaN
712588,1950,12,NaN,0.982453854948394,NaN,3.11
712678,1951,3,NaN,0.990899532279165,NaN,3.12645650884146
712769,1951,6,NaN,1.06418149078224,NaN,3.15131100309567
712861,1951,9,NaN,1.13109110502686,NaN,3.17651382714921
712953,1951,12,NaN,1.05905789104253,NaN,3.20160805698477
713044,1952,3,NaN,1.00977208381541,NaN,3.22658701685045
713135,1952,6,NaN,1.0063091710129,NaN,3.25144433935694
713227,1952,9,NaN,0.988399539174785,NaN,3.27656612424848
713319,1952,12,NaN,0.988714982489726,NaN,3.30161396758396
713409,1953,3,NaN,1.00827119021796,NaN,3.32630559870661
713500,1953,6,NaN,1.01778318246489,NaN,3.35078835582383
713592,1953,9,NaN,1.04631915930777,NaN,3.37579037619177
713684,1953,12,NaN,1.04204564350477,NaN,3.40129991062081
713774,1954,3,NaN,1.07930384260219,NaN,3.42751526308211
713865,1954,6,NaN,1.16219445676288,NaN,3.45467942417174
713957,1954,9,NaN,1.14248221186546,NaN,3.48274139099075
714049,1954,12,NaN,1.14248221190836,NaN,3.51070584890014
714139,1955,3,NaN,1.13930865020426,NaN,3.53808591762714
714230,1955,6,NaN,1.15122176561795,NaN,3.56542127628122
714322,1955,9,NaN,1.18231950999761,NaN,3.59315400716234
714414,1955,12,NaN,1.10056337427423,NaN,3.62076736885347
714505,1956,3,NaN,1.09112997401598,NaN,3.6482457185355
714596,1956,6,NaN,1.09566290601006,NaN,3.67558877329264
714688,1956,9,NaN,1.082426444598,NaN,3.70322273667333
714780,1956,12,NaN,1.07340417080677,NaN,3.73077536434236
714870,1957,3,NaN,1.04867542731057,NaN,3.75794744153576
714961,1957,6,NaN,1.06429379661113,NaN,3.78491226328563
715053,1957,9,NaN,1.06308451571141,NaN,3.81243478581109
715145,1957,12,NaN,1.04515622104536,NaN,3.8404583009824
715235,1958,3,NaN,1.02891666773827,NaN,3.86916133952344
715326,1958,6,NaN,1.03784409267944,NaN,3.89881015144638
715418,1958,9,NaN,1.05908236982616,NaN,3.9293913383868
715510,1958,12,NaN,1.05189178766198,NaN,3.95986587234648
715600,1959,3,NaN,1.04268863880989,NaN,3.98973009195688
715691,1959,6,NaN,1.05089902688786,NaN,4.01955048321588
715783,1959,9,NaN,1.05448634854384,NaN,4.04980437144982
715875,1959,12,NaN,1.0483241799977,NaN,4.07992803874924
715966,1960,3,NaN,1.03260570832917,NaN,4.10978359561293
716057,1960,6,NaN,1.04662034260967,NaN,4.13925569153652
716149,1960,9,NaN,1.02528238531679,NaN,4.16919008650302
716241,1960,12,NaN,1.00532142484389,NaN,4.19963791624091
716331,1961,3,NaN,0.996105542037001,NaN,4.23091690626696
716422,1961,6,NaN,0.991836247288003,NaN,4.26343066172124
716514,1961,9,NaN,0.990917441240188,NaN,4.29677427064
716606,1961,12,NaN,0.996351355832698,NaN,4.32934833560525
716696,1962,3,NaN,1.00241093183939,NaN,4.36001688280263
716787,1962,6,NaN,1.02905864406078,NaN,4.38928699936285
716879,1962,9,NaN,1.02813706422449,NaN,4.41881433518306
716971,1962,12,NaN,1.00520673991443,NaN,4.4493900565649
717061,1963,3,NaN,1.00919727376131,NaN,4.4819812473179
717152,1963,6,NaN,1.00860680961568,NaN,4.51682712985381
717244,1963,9,NaN,1.00410743531685,NaN,4.55304498542048
717336,1963,12,NaN,1.01602641585236,NaN,4.58846531207188
717427,1964,3,NaN,1.03093728376162,NaN,4.62196522075657
717518,1964,6,NaN,1.0474732307817,NaN,4.65406626535448
717610,1964,9,NaN,1.05816772084856,NaN,4.6862027439193
717702,1964,12,NaN,1.05049384090672,NaN,4.71884609989118
717792,1965,3,NaN,1.03798820378135,NaN,4.75243205272922
717883,1965,6,NaN,1.04778724815659,NaN,4.78704411405486
717975,1965,9,NaN,1.03580890396284,NaN,4.82267644553878
718067,1965,12,NaN,1.02092090849618,NaN,4.858183947374
718157,1966,3,NaN,1.02301729759005,NaN,4.89289411341803
718248,1966,6,NaN,1.01913777571387,NaN,4.92731224893254
718340,1966,9,NaN,1.01669226625313,NaN,4.96238476434044
718432,1966,12,NaN,1.02326158867166,NaN,4.997936445958
718522,1967,3,NaN,1.03057503092923,NaN,5.0341027950712
718613,1967,6,NaN,1.04419854656899,NaN,5.07122025109027
718705,1967,9,NaN,1.0473792709169,NaN,5.10936933839791
718797,1967,12,NaN,1.04851085614707,NaN,5.14735856028689
718888,1968,3,NaN,1.03271591797775,NaN,5.18475872541612
718979,1968,6,NaN,1.04226435041563,NaN,5.22168513901197
719071,1968,9,NaN,1.0459207257397,NaN,5.25915436030255
719163,1968,12,NaN,1.02696032690383,NaN,5.29711969434993
719253,1969,3,NaN,1.03804330617795,NaN,5.33584719806542
719344,1969,6,NaN,1.04194579880598,NaN,5.37581006443793
719436,1969,9,NaN,1.04590326941912,NaN,5.41671374377279
719528,1969,12,NaN,1.06854666603481,NaN,5.45682535057583
719618,1970,3,NaN,1.09568405347762,NaN,5.49506137595612
719709,1970,6,NaN,1.1163210755845,NaN,5.53211054194746
719801,1970,9,NaN,1.14484694554277,NaN,5.56939278427753
719893,1970,12,NaN,1.11298005874611,NaN,5.60714373610176
719983,1971,3,NaN,1.09472415140067,NaN,5.64574817331465
720074,1971,6,NaN,1.0944727329978,NaN,5.68535100179467
720166,1971,9,NaN,1.06549156357478,NaN,5.72602053306371
720258,1971,12,NaN,1.03982701398532,NaN,5.76651934090987
720349,1972,3,NaN,1.00752698818498,NaN,5.80653922696072
720440,1972,6,NaN,0.992766915922134,NaN,5.84631094297111
720532,1972,9,NaN,1.00480894986287,NaN,5.88650579879758
720624,1972,12,NaN,1.03994290086597,NaN,5.92658234813434
720714,1973,3,NaN,1.0848787049906,NaN,5.96615758815744
720805,1973,6,NaN,1.12981450898181,NaN,6.00553552554335
720897,1973,9,NaN,1.13302420943658,NaN,6.04566223655232
720989,1973,12,NaN,1.19883655234875,NaN,6.08625259983989
721079,1974,3,NaN,1.27290497950424,NaN,6.12751525683111
721170,1974,6,NaN,1.36313621796061,NaN,6.1699683226993
721262,1974,9,NaN,1.38247148366329,NaN,6.21337761715952
721354,1974,12,NaN,1.44369982411189,NaN,6.25598680859082
721444,1975,3,NaN,1.50815070853459,NaN,6.29671149835084
721535,1975,6,NaN,1.54682123925647,NaN,6.3362606398645
721627,1975,9,NaN,1.56937904898795,NaN,6.37607221078272
721719,1975,12,NaN,1.52389280500081,NaN,6.41631681167541
721810,1976,3,NaN,1.61831831008546,NaN,6.45763800338338
721901,1976,6,NaN,1.65146652577579,NaN,6.49974103168433
721993,1976,9,NaN,1.75549591282379,NaN,6.54277916632562
722085,1976,12,NaN,1.84722404460901,NaN,6.58569269532714
722175,1977,3,NaN,1.87871511568551,NaN,6.62804765607342
722266,1977,6,NaN,1.95386372003167,NaN,6.67065101435234
722358,1977,9,NaN,1.96366571189846,NaN,6.71374483017474
722450,1977,12,NaN,1.98879549224842,NaN,6.75603577479066
722540,1978,3,NaN,2.03099016185269,NaN,6.79659298939368
722631,1978,6,NaN,2.08885680596505,NaN,6.83578723376003
722723,1978,9,NaN,2.14797539445707,NaN,6.8753855852342
722815,1978,12,NaN,2.17753468859621,38475.1508884205,6.91601852365362
722905,1979,3,NaN,2.27626548665737,39465.6370640999,6.95857648709049
722996,1979,6,NaN,2.32611160825769,39851.171857085,7.00336489451436
723088,1979,9,NaN,2.39210058981017,40381.6654894263,7.04965388776646
723180,1979,12,NaN,2.47788626575611,40288.571611061,7.09510715799361
723271,1980,3,NaN,2.52737800192086,41408.6526552938,7.13848809960295
723362,1980,6,NaN,2.58166257586378,42248.774071621,7.18018932322988
723454,1980,9,NaN,2.65613812911379,42125.4140337656,7.22216756827169
723546,1980,12,NaN,2.71448948877473,41800.0536019139,7.26520387816477
723636,1981,3,NaN,2.853524315483,42678.8183417025,7.31019009399431
723727,1981,6,NaN,2.92744842654637,42704.2166943072,7.35743709725631
723819,1981,9,NaN,2.96334207306272,42512.5086492321,7.40624965827004
723911,1981,12,NaN,2.95786648354125,42074.5293681054,7.45424909531981
724001,1982,3,NaN,2.91834042820201,41610.7831387433,7.49988089964408
724092,1982,6,NaN,2.94307418960276,41262.3067888339,7.54403908768452
724184,1982,9,NaN,2.92501413747467,40656.2579355458,7.58867472490693
724276,1982,12,NaN,2.91839645849726,40586.6128200825,7.63433446076748
724366,1983,3,NaN,2.91536592871678,39945.4630396238,7.68187117497823
724457,1983,6,NaN,2.97413747641857,39781.2668424026,7.73163045406655
724549,1983,9,NaN,3.12945354345125,39745.0866215803,7.78295713880043
724641,1983,12,NaN,3.09971216897208,39546.0180235952,7.83342820190627
724732,1984,3,NaN,3.03827230855589,39760.5305504269,7.88192219366153
724823,1984,6,NaN,3.11323425028588,39785.3596256249,7.92893510319112
724915,1984,9,NaN,3.06041161225648,39628.640023467,7.97613847156074
725007,1984,12,NaN,3.26840074955034,39737.7869467276,8.02381149485642
725097,1985,3,NaN,3.3328232556856,39708.9133133685,8.07229234514141
725188,1985,6,NaN,3.51835526464964,39705.4515106663,8.12180774785685
725280,1985,9,NaN,3.91779010863533,39393.4903039002,8.17256497953822
725372,1985,12,NaN,4.22735211214835,39499.0586081723,8.22314260119951
725462,1986,3,NaN,4.55688585780343,39614.5735196709,8.27287671232877
725553,1986,6,NaN,4.93967758163377,39390.8863512396,8.32255707762557
725645,1986,9,NaN,5.17933848866869,39217.6998941878,8.37296803652968
725737,1986,12,NaN,5.24258233898286,39556.2251485312,8.42319634703196
725827,1987,3,NaN,5.37239866302669,40028.7854567317,8.4728834865948
725918,1987,6,NaN,5.4988863631383,40397.4551921639,8.52258413869312
726010,1987,9,NaN,5.56619974813797,40355.0691132213,8.5730072857497
726102,1987,12,NaN,5.65995446103427,40957.3966387012,8.62321339791541
726193,1988,3,NaN,5.8500648925797,41441.0833107898,8.67305124271754
726284,1988,6,NaN,5.91639300209781,41899.2671283287,8.72240339163099
726376,1988,9,NaN,6.24776327516332,42049.102617644,8.77243176840827
726468,1988,12,NaN,6.37438461036604,42551.5389130583,8.82292422671863
726558,1989,3,NaN,6.56764875298752,42981.6406726328,8.87393537674744
726649,1989,6,NaN,6.74425219396083,43536.1298201762,8.92593457076146
726741,1989,9,NaN,6.87420566946016,43824.1794178277,8.97921282681266
726833,1989,12,NaN,7.35736602659465,44229.2576568439,9.0323023446041
726923,1990,3,NaN,8.11376189512992,44751.1813436209,9.08439957220737
727014,1990,6,NaN,9.09341116984278,44966.9164100257,9.13620167138747
727106,1990,9,NaN,10.0897211461171,45020.4195691135,9.18891552059989
727198,1990,12,NaN,11.5425343543503,45601.5958146511,9.24205166745448
727288,1991,3,NaN,12.738772751621,45987.7915433737,9.29549704003453
727379,1991,6,NaN,13.0353332459215,46514.1602801464,9.34964892987866
727471,1991,9,NaN,13.2885759153073,46610.784555449,9.40522472563359
727563,1991,12,NaN,13.4118651094412,47269.7589089906,9.4611791222069
727654,1992,3,NaN,13.795061252852,47976.760870502,9.51759460915851
727745,1992,6,NaN,14.2282395025662,48501.270478998,9.57461324322941
727837,1992,9,NaN,14.6714141734776,48943.683862997,9.63272184951932
727929,1992,12,NaN,15.1545745285558,49559.4413768677,9.69066147663954
728019,1993,3,NaN,15.6144099005674,50035.8337334662,9.74777418089077
728110,1993,6,NaN,16.1075666768052,50543.5533555624,9.80489699222263
728202,1993,9,NaN,16.787323314388,50952.8923501854,9.86288976469902
728294,1993,12,NaN,17.0705552465457,51501.1292415432,9.92067266849331
728384,1994,3,NaN,17.7969618485025,51590.8122237498,9.97768699830197
728475,1994,6,NaN,18.2468007994979,52502.7728249921,10.0344563998995
728567,1994,9,NaN,18.6033398199204,52916.9400204488,10.0922109039535
728659,1994,12,NaN,19.1331501397157,53580.5580688874,10.1503706851426
728749,1995,3,NaN,19.2830964563354,54547.0999005491,10.2089075106756
728840,1995,6,NaN,19.7495961090302,55463.8074410964,10.2683922775821
728932,1995,9,NaN,20.1694457964312,55939.8529076472,10.3292275462523
729024,1995,12,NaN,20.7858917656633,56233.5794887168,10.3898052466444
729115,1996,3,NaN,21.3456913481602,57117.3758698757,10.4498088404411
729206,1996,6,NaN,21.9354801945341,57517.3591869924,10.5094664144567
729298,1996,9,NaN,22.551926163693,57470.8612752317,10.5697586981964
729390,1996,12,NaN,23.0017651139447,57892.6340480798,10.6298735222015
729480,1997,3,6.17832880512932,23.8348002064772,58541.2598792234,10.6894165365817
729571,1997,6,5.4306477899257,24.0380607694665,59361.7787969488,10.7490229484062
729663,1997,9,4.60384578486967,24.3812712279242,59837.2507791354,10.8095371457729
729755,1997,12,4.28809932770506,24.7811280724278,60420.5288792683,10.8698323497322
729845,1998,3,4.33167219050323,25.3309312330025,61421.9967011834,10.9292142510584
729936,1998,6,4.28853518528457,25.7707737623974,62547.2067633654,10.9881185418303
730028,1998,9,4.33249013884609,25.9307165003489,62837.6425825628,11.048183839789
730120,1998,12,4.82018799061895,26.4172089944132,63442.7696033739,11.1092370624749
730210,1999,3,5.19034388360594,26.6337981176716,64311.667357244,11.1716229214114
730301,1999,6,5.45337511420226,26.7537551714663,64960.3945207634,11.235916017344
730393,1999,9,5.93981731655428,27.4868260530544,65261.6740223646,11.3021331009695
730485,1999,12,6.52258920644253,27.9666542663555,65880.5574253948,11.3680738917838
730576,2000,3,6.66691730119144,28.4198253554675,66412.9467460876,11.4330027571626
730667,2000,6,6.67687417135636,28.8630000250089,67221.6633305668,11.4972672458793
730759,2000,9,6.54187850360835,28.8763285868129,67721.9788381383,11.562367474428
730851,2000,12,6.50051112383096,29.1862176413634,68257.4957132751,11.6278908866264
730941,2001,3,6.12911164624125,30.0758991183767,68686.3887635375,11.6935536297804
731032,2001,6,5.85999115450877,30.522405928083,68568.1456125658,11.7597399423672
731124,2001,9,5.40373734977347,31.2621410900465,68644.3963311285,11.8277152166306
731216,2001,12,5.07147226318623,31.8985799005573,69957.4239781795,11.8966594804271
731306,2002,3,4.84148867391038,32.781597096132,70099.0399390579,11.9665502602224
731397,2002,6,4.44049830265948,33.3413966780948,71197.195015073,12.0382703475243
731489,2002,9,4.15509295165067,33.751249943667,72395.0194135427,12.1120304817919
731581,2002,12,3.96388259326323,33.9511783661016,72826.2994484955,12.1855316043062
731671,2003,3,3.4628620787067,34.7475599117635,72974.0116772602,12.2575593524214
731762,2003,6,3.10043822024498,35.1707417385744,73217.0677553231,12.3292608352381
731854,2003,9,2.83764525853732,35.4706343721057,73624.7143050494,12.4021554321009
731946,2003,12,2.69995698920288,35.9338018832174,74069.3480706887,12.4753530991684
732037,2004,3,2.58970390084624,36.9467725523645,74816.1158659179,12.5492083892765
732128,2004,6,2.56112172672378,37.6731791521079,75074.121580744,12.6236279401472
732220,2004,9,2.56358043434331,38.2296465934671,76149.6376053443,12.6993200997374
732312,2004,12,2.56671397461203,39.1759744569192,77082.5367403499,12.7747915154593
732402,2005,3,2.6833347032659,40.2555879359354,77196.7631871296,12.8492706707271
732493,2005,6,2.91666740255824,40.9586695469535,78752.6787614534,12.9237786855078
732585,2005,9,3.49999939878,41.8150296130209,78124.069517252,12.9994214322161
732677,2005,12,3.99999827511685,42.8479931401971,78960.4441030412,13.0747904371652
732767,2006,3,4.24999778298645,43.2878356650163,81114.6938611921,13.1493150684932
732858,2006,6,4.49999730859959,44.0542279420937,80985.6200816662,13.2238356164384
732950,2006,9,4.99999620890263,44.5640454093841,82972.3384040167,13.2994520547945
733042,2006,12,4.99999637972447,44.8539416374266,84608.1142206343,13.3747945205479
733132,2007,3,5.08332959886419,46.1601406566068,87081.9881063733,13.4492034580152
733223,2007,6,5.49999527655893,46.5733260545802,87072.5808213046,13.523389767594
733315,2007,9,5.58332840651984,47.4063611348865,88245.747691843,13.598805398141
733407,2007,12,6.16666045542781,48.679238770961,88131.1013696901,13.6745135960551
733498,2008,3,6.58332632180152,50.1953626331796,89801.417773108,13.7508673932422
733589,2008,6,6.74999281089894,52.1879825586388,91517.2042381174,13.8277727597286
733681,2008,9,7.24999195205356,53.8140670419504,90530.6729153017,13.9059769190605
733773,2008,12,7.24999218642795,54.0471080544693,90239.595504959,13.9839529397773
733863,2009,3,6.58332706581918,53.4240053128237,89099.8834452401,14.060913026418
733954,2009,6,5.58332922927535,53.3107341517393,90008.3032674975,14.1379046416914
734046,2009,9,4.66666445718371,53.627227061329,91972.234487413,14.21606881329
734138,2009,12,4.49999808245854,53.7638187662466,92694.0889152124,14.293950118404
734228,2010,3,4.4999980249396,54.8199056684195,92509.6267463244,14.3708370139671
734319,2010,6,4.49999794467709,55.3229628265633,93214.1404896292,14.4474765574405
734411,2010,9,4.4999979253356,55.7660529043247,93179.3408936576,14.5253942409225
734503,2010,12,4.49999788902042,56.482326379949,95392.1250773171,14.6036475394064
734593,2011,3,4.58333107842661,57.5450762948063,96337.0133293188,14.6820638295105
734684,2011,6,4.74999738702892,58.7510808823574,96922.0278712862,14.7614296827358
734776,2011,9,5.16666316358177,59.8404828185508,98067.688749519,14.8424324774656
734868,2011,12,5.49999580526946,60.0370416043915,98643.9145970123,14.9230908747568
734959,2012,3,5.49999578778119,60.4934577067637,99707.0007329628,15.0029545284651
735050,2012,6,5.3333295155933,61.0298299111411,99579.9935297159,15.0821321152638
735142,2012,9,4.99999693611853,61.602848661772,100399.768292919,15.1623046457303
735234,2012,12,4.99999693164038,62.0226182411701,101893.578933395,15.2428581818394
735324,2013,3,4.99999694967046,62.9854230168282,102572.952536067,15.3237742732639
735415,2013,6,5.24999637393054,63.7116909756688,104159.985497978,15.4059546635164
735507,2013,9,5.24999641132951,64.3480083097624,104635.774629769,15.4897134027454
735599,2013,12,4.99999698406331,64.744457355077,105064.812806155,15.5725355100292
735689,2014,3,4.91666388253057,65.2741665559297,106871.047366643,15.6530136227782
735780,2014,6,4.74999757963584,65.7572346946068,108587.526695677,15.7322874184147
735872,2014,9,4.49999805785198,66.616762824385,109039.832331126,15.8124098049349
735964,2014,12,4.16666539155658,66.8966092103707,110419.276612092,15.8928562106575
736054,2015,3,3.66666640281407,66.8399736354343,111906.934175999,15.9737082681427
736145,2015,6,3.41666686945358,67.4029978825254,111891.908457535,16.0555592285836
736237,2015,9,3.25000048186579,67.9826796400654,114336.850641292,16.1390830240511
736329,2015,12,3.00000101034902,68.6356545167566,114582.603873795,16.2222515689612
736420,2016,3,3.00000100682429,69.7183934590332,113798.220204678,16.3047371556065
736511,2016,6,3.00000103368521,70.2980752281219,116018.297285827,16.3867663198779
736603,2016,9,3.00000101820104,71.1376143303685,116583.628604901,16.46966821002
736695,2016,12,3.00000101061362,71.7606056630319,118421.250332656,16.5523260930271
736785,2017,3,3.00000102665625,72.453558593585,119208.156300044,16.6340757302859
736876,2017,6,3.00000102444205,73.1998155812769,118870.539073529,16.7156691723177
736968,2017,9,3.00000100274425,74.5257543293408,120138.351710327,16.7986566797048
737060,2017,12,2.83333464047189,75.2486907908261,120875.966239074,16.8819623869639
737150,2018,3,2.75000146119732,75.5951672676855,122479.143474196,16.9654668794546
737241,2018,6,2.75000143850521,76.0782354027165,123970.490895827,17.0501449012673
737333,2018,9,2.75000138421731,77.1376537965052,124242.832645871,17.1363951528947
737425,2018,12,2.75000131867427,77.700678042676,124699.246701617,17.2216996750066
737515,2019,3,2.75000129410844,78.8034060303011,127152.120064931,17.3046688816279
737606,2019,6,2.75000150955092,79.6529396470886,128735.711958417,17.3864602304363
737698,2019,9,2.75000156637426,79.4996904291766,129193.68609034,17.4691231229985
737790,2019,12,2.75000151177113,79.89947095895,130192.803820421,17.5520441777037
737881,2020,3,2.50000198051715,80.0593832010905,128291.120882176,17.6357414165654
737972,2020,6,1.91666973016352,81.26538778769,116871.982987218,17.7198004830711
738064,2020,9,1.75000327509913,82.6779456460507,127279.064333866,17.8053604064306
738156,2020,12,1.75000312510543,84.0638514833958,133418.074598645,17.891182741063
738246,2021,3,1.75000304567775,84.6168812530098,134220.58065623,17.9766242498817
738337,2021,6,1.75000300823217,85.1299329177866,135018.663081434,18.0626168184728
738429,2021,9,1.75000291472607,85.7429297091808,137562.779261928,18.15042783071
738521,2021,12,1.7500028657315,86.5624797982015,139966.076139308,18.2384714725751
738611,2022,3,1.7500028579671,87.4419970032765,140464.910232757,18.3260888726595
738702,2022,6,2.00000231705297,90.2337976908404,141426.698162027,18.4142361130264
738794,2022,9,2.66666759438968,93.2454776589512,142942.382818337,18.5042119489518
738886,2022,12,3.49999907074368,94.706022843786,144874.847792488,18.5943909454151
738976,2023,3,4.49999722167424,95.7500000716151,146284.956419179,18.6840992217958
739067,2023,6,4.99999624467417,96.2233333861416,147271.14680643,18.7743161189693
739159,2023,9,4.99999630712629,97.5600000147187,148644.847698445,18.8663705133933
739251,2023,12,4.9999964239013,98.9733333513455,147738.52866062,18.9585989118203
739342,2024,3,4.99999664124851,99.0500000546893,150545.289891071,19.0509898069651
739433,2024,6,4.99999688581745,99.6633333694847,152619.117993393,19.1435341892802
739525,2024,9,4.9166639349516,100.473333332567,153794.693584644,19.2375862168558
739617,2024,12,4.58333148411133,100.46666667985,154511.853521976,19.3317833258594
739707,2025,3,4.4999984115331,100.883333366169,156522.865196721,19.4254234557392
739798,2025,6,4.49999843759433,101.310000016797,158701.897209701,19.5195297092968
739890,2025,9,4.24999897686837,101.743333316607,160282.458830882,19.615487528649
739982,2025,12,3.83333317394323,102.019999993623,NaN,19.7115618988606
740072,2026,3,NaN,NaN,NaN,19.7764349806062
