Matlab Date,Year,Month,ii Rate,CPI Level,Real GDP Level,Population,CPI QoQ Ann,CPI YoY,GDP QoQ Ann,GDP YoY
712588,1950,12,NaN,NaN,NaN,19.21,NaN,NaN,NaN,NaN
712678,1951,3,NaN,NaN,NaN,19.2412227157909,NaN,NaN,NaN,NaN
712769,1951,6,NaN,NaN,NaN,19.295102455041,NaN,NaN,NaN,NaN
712861,1951,9,NaN,NaN,NaN,19.3574619132741,NaN,NaN,NaN,NaN
712953,1951,12,NaN,NaN,NaN,19.4260267724184,NaN,NaN,NaN,NaN
713044,1952,3,NaN,NaN,NaN,19.5016912733676,NaN,NaN,NaN,NaN
713135,1952,6,NaN,NaN,NaN,19.5880263486884,NaN,NaN,NaN,NaN
713227,1952,9,NaN,NaN,NaN,19.6841028620923,NaN,NaN,NaN,NaN
713319,1952,12,NaN,NaN,NaN,19.7854479734634,NaN,NaN,NaN,NaN
713409,1953,3,NaN,NaN,NaN,19.8900188418068,NaN,NaN,NaN,NaN
713500,1953,6,NaN,NaN,NaN,20.0016870571846,NaN,NaN,NaN,NaN
713592,1953,9,NaN,NaN,NaN,20.1217663124948,NaN,NaN,NaN,NaN
713684,1953,12,NaN,NaN,NaN,20.2471306500028,NaN,NaN,NaN,NaN
713774,1954,3,NaN,NaN,NaN,20.3768408174144,NaN,NaN,NaN,NaN
713865,1954,6,NaN,NaN,NaN,20.5139826101917,NaN,NaN,NaN,NaN
713957,1954,9,NaN,NaN,NaN,20.6595030535159,NaN,NaN,NaN,NaN
714049,1954,12,NaN,NaN,NaN,20.8092335771726,NaN,NaN,NaN,NaN
714139,1955,3,NaN,0.707754347948683,NaN,20.9614358143857,NaN,NaN,NaN,NaN
714230,1955,6,NaN,0.741235935222296,NaN,21.1191979723823,18.9227165446056,NaN,NaN,NaN
714322,1955,9,NaN,0.811845619251068,NaN,21.2843272050251,38.1037565360863,NaN,NaN,NaN
714414,1955,12,NaN,0.805215601974923,NaN,21.4529493801546,-3.26663942943264,NaN,NaN,NaN
714505,1956,3,NaN,0.795270576057335,NaN,21.6250579944503,-4.94030463055958,12.3653395224351,NaN,NaN
714596,1956,6,NaN,0.933506436271354,NaN,21.8018360111477,69.5289700767472,25.939176976275,NaN,NaN
714688,1956,9,NaN,1.01074613752099,NaN,21.9844291651042,33.0965907672381,24.499795718971,NaN,NaN
714780,1956,12,NaN,1.07107929469179,NaN,22.1683411538018,23.8766807731856,33.0177025960245,NaN,NaN
714870,1957,3,NaN,1.23285171605363,NaN,22.3510382979605,60.414732004839,55.0229259286404,NaN,NaN
714961,1957,6,NaN,1.21263016338681,NaN,22.5353958036386,-6.56090344151102,29.9005680378962,NaN,NaN
715053,1957,9,NaN,1.15461751229042,NaN,22.7246156374358,-19.136139887651,14.2341750740987,NaN,NaN
715145,1957,12,NaN,1.09561035859446,6755.498940737,22.9156092042874,-20.4421474879275,2.29031258696197,NaN,NaN
715235,1958,3,NaN,1.10920189399673,6756.79955696478,23.1077667975202,4.96217849553744,-10.0295778029747,0.0770108167698709,NaN
715326,1958,6,NaN,1.10621838622595,6842.4376606288,23.3037505802653,-1.0759115313183,-8.77528700619331,5.0697436229699,NaN
715418,1958,9,NaN,1.13041794925827,6958.86631080936,23.5044141213594,8.75037454941878,-2.09589433509841,6.80626735413199,NaN
715510,1958,12,NaN,1.18080608050351,7167.12494377567,23.7037350446648,17.8299119465676,7.77609678849196,11.9708368383406,6.09319913524789
715600,1959,3,NaN,1.1337329578951,7211.45334292701,23.8987833100582,-15.9460976313203,2.21159592596618,2.47398500788461,6.7288334089114
715691,1959,6,NaN,1.1668830442397,7467.26469303142,24.0927676455005,11.6959063820992,5.48396761156,14.1891703621883,9.13164377072589
715783,1959,9,NaN,1.19207710985049,7528.58724963754,24.2890992920537,8.63636359621819,5.45454543009281,3.28487386624198,8.18697922021042
715875,1959,12,NaN,1.26666480411284,7507.5375966309,24.4845817067298,25.0278085690979,7.27119592513637,-1.11838528577346,4.74964027452694
715966,1960,3,NaN,1.27230031878872,7530.1,24.6797637327296,1.77963883028315,12.2222221669284,1.20212003356335,4.41861913154472
716057,1960,6,NaN,1.25274176785326,7878.4,24.874787425774,-6.14903593016146,7.35795451287046,18.5017463247499,5.50583545474505
716149,1960,9,NaN,1.27992483864493,7788.8,25.0714120683664,8.67954481576982,7.36929918950089,-4.54914703493097,3.4563290792039
716241,1960,12,NaN,1.32766096295382,7834.3,25.2655412006787,14.9184148529947,4.81549330516829,2.33668857847169,4.35245776878612
716331,1961,3,NaN,1.35152902510757,8081.8,25.4550186829207,7.19101120534418,6.22720164011848,12.636738445043,7.32659592834094
716422,1961,6,NaN,1.36545206136151,8431.4,25.6424896774054,4.12067695041321,8.99708913684549,17.3030760474152,7.0191917140536
716514,1961,9,NaN,1.36777256740476,8279.5,25.8311055151665,0.679776642160334,6.86350683317016,-7.20639514196927,6.3000718981101
716606,1961,12,NaN,1.36014804755079,8386.2,26.0177543358651,-2.2297624724078,2.44694131284054,5.15490065825236,7.04466257355476
716696,1962,3,NaN,1.37108757603321,8551.1,26.2013188451728,3.21715816219108,1.44714250025709,7.86530252080803,5.80687470612982
716787,1962,6,NaN,1.42313321155383,8387.5,26.3837057037484,15.1837523526247,4.22432627439231,-7.65281659669517,-0.520672723391129
716879,1962,9,NaN,1.45495729441418,8640.8,26.5675249015163,8.94479381184465,6.37421228405222,12.0798807749627,4.36379008394225
716971,1962,12,NaN,1.51263844459009,8900.8,26.7493970185836,15.857826314866,11.2113087478887,12.0359225997593,6.1362714936443
717061,1963,3,NaN,1.59087264826323,9407.9,26.9280547966091,20.6881436745018,16.0299805841649,22.7889627898616,10.0197635391938
717152,1963,6,NaN,1.64954830100281,9176.4,27.1055454631178,14.7530734917426,15.9096202386962,-9.84279169634033,9.40566318926975
717244,1963,9,NaN,1.82822726608574,9492.5,27.2843670382361,43.3279740821915,25.6550465848455,13.7788239396714,9.85672622905287
717336,1963,12,NaN,1.90082595502911,9509.9,27.4611378275664,15.883952786418,25.6629409246708,0.733210429286203,6.8432051051591
717427,1964,3,5.31123646058789,2.1511091063247,10057.1,27.6355217591066,52.6682941451636,35.2156697566634,23.0160148897465,6.90058355212109
717518,1964,6,5.31635726749157,2.21409427020827,9762.3,27.8073327465451,11.7121281665141,34.2242763587014,-11.7250499647016,6.38485680659082
717610,1964,9,5.31635726749157,2.23497882454658,10436.9,27.9800395456713,3.77301989699782,22.2484133130618,27.6410272169468,9.94890703186726
717702,1964,12,5.31635726749157,2.33641808846036,10873.6,28.1522340529126,18.1548501130619,22.915939898589,16.7367704969867,14.339793268068
717792,1965,3,5.31635726749157,2.48559347649817,10988,28.3235738977242,25.5391599259727,15.5493912042873,4.20835785756327,9.25614739835538
717883,1965,6,5.31635726749157,2.55819216492955,11002.3,28.4956950612437,11.6831153795366,15.5412485977352,0.520567892246049,12.7019247513393
717975,1965,9,5.31635726749157,2.66162043370568,10936,28.6701256127125,16.172087491165,19.0892908905145,-2.41040509711604,4.78207130469777
718067,1965,12,5.57239761267553,2.67819547697252,11211.8,28.842650668217,2.49097024608631,14.6282632462149,10.087783467447,3.11028546203649
718157,1966,3,5.7964329147115,2.69410751857026,11868.1,29.0112033882788,2.37653177067205,8.38890365796487,23.4146167430743,8.00964688751364
718248,1966,6,5.7964329147115,2.82471885798339,12604.9,29.1779336494988,19.392149498538,10.4185563816382,24.8329555699733,14.5660452814412
718340,1966,9,5.7964329147115,2.95334119207583,12400.5,29.3461784543858,18.2138245339238,10.9602689653231,-6.48636641306155,13.3915508412582
718432,1966,12,5.7964329147115,3.07964301960339,12564.7,29.5138058424343,17.1062968093824,14.9894787771303,5.29656062255555,12.0667511015181
718522,1967,3,5.7964329147115,3.02295637250321,12971.7,29.680411027236,-7.36275558424626,12.206226056912,12.9569349049321,9.29887682105814
718613,1967,6,5.7964329147115,3.15655121948827,13256.5,29.8476609176055,17.6773767825746,11.7474473810744,8.78219508622618,5.16941824211219
718705,1967,9,5.7964329147115,3.25268646917844,13823,30.0170306800558,12.1823145585769,10.1358176260091,17.0935013012485,11.4713116406596
718797,1967,12,5.7964329147115,3.37898829695917,13911.3,30.1843975258478,15.5320014981501,9.72012910101286,2.55516168704332,10.7173271148535
718888,1968,3,5.73242282841551,3.41976290324916,14750.8,30.3488860105086,4.8268419664775,13.1264392154416,24.1386498745624,13.7152416414194
718979,1968,6,5.60440265582352,3.48268230455365,15011.8,30.5107538091926,7.35950451356769,10.3318800294407,7.07758223282804,13.2410515596123
719071,1968,9,5.60440265582352,3.57369374402851,15831.9,30.6734124513105,10.4530280417325,9.8689891537918,21.852142980855,14.5330246690299
719163,1968,12,5.65926844407723,3.7384443790999,15503.5,30.8355883800079,18.4403753507624,10.6379794941645,-8.29717216505912,11.4453717481472
719253,1969,3,5.65926844407723,3.80089018444096,16266.5,30.9966302092627,6.68147486052374,11.144845182971,19.6858773825265,10.275374894921
719344,1969,6,5.65012414603495,3.88758356293405,16883.4,31.1576961624629,9.12348153050777,11.6261324741274,15.1698275597086,12.46752554657
719436,1969,9,5.63183554995038,4.01911834395063,18296.3,31.3213676414378,13.5338344642363,12.4639835371011,33.4743002001966,15.5660407152647
719528,1969,12,5.63183554995038,4.28052711285559,18566.2,31.4850699134156,26.0165286546903,14.500221985012,5.90064657881658,19.7548940561809
719618,1970,3,5.63183554995038,4.42700902857764,18254.5,31.6480726620652,13.6882128635161,16.4729527493248,-6.71542911311957,12.2214366950481
719709,1970,6,5.60440265582352,4.58113059029128,19063.7,31.812237677687,13.9255701281598,17.8400545256395,17.7315182557725,12.913868059751
719801,1970,9,5.60440265582352,4.64656582247383,19213.8,31.979141500407,5.71345705108104,15.6115701212829,3.14944108436447,5.01467509824391
719893,1970,12,5.58611405973896,4.88405917655952,20598.7,32.1448119199924,20.44463486879,14.0994799890733,28.8313607927636,10.947312858851
719983,1971,3,5.54953686756982,5.12786354232272,20739.9,32.3072855042813,19.9673555908828,15.8313323786073,2.74192060664024,13.6152729463968
720074,1971,6,5.52210397344297,5.16539745772256,21485.5,32.468596309426,2.92784042243318,12.7537701865454,14.3800114754652,12.7037248802698
720166,1971,9,5.46723818518926,5.32383708083715,21525.4,32.6319322763146,12.2693073988115,14.5757379587219,0.742826557445767,12.0309360980129
720258,1971,12,5.46723818518926,5.42248816868814,21595.4,32.7951837071665,7.4120290574694,11.0242110642874,1.30078883551522,4.83865486656924
720349,1972,3,5.3849395028087,5.60484320642331,22003.9,32.9591823205627,13.4517610412257,9.30172303072905,7.56642618335388,6.0945327605244
720440,1972,6,5.3849395028087,5.84931189038561,22679.3,33.1238442068674,17.4469597067142,13.2403060608736,12.2778234767472,5.55630541528006
720532,1972,9,5.34836231063956,6.03864225660975,23012.1,33.2904197444503,12.9471889871586,13.4265035709958,5.86966969880018,6.90672414914472
720624,1972,12,5.33007371455499,6.00110834228196,23912.6,33.4552344644993,-2.48624857925358,10.6707503196599,15.6526349181518,10.7300628837623
720714,1973,3,5.33007371455499,5.89548192828788,24863.1,33.6163007912879,-7.04046039294883,5.18549246001187,15.8995675919808,12.9940601438836
720805,1973,6,5.33007371455499,5.95593478246453,25899.4,33.775925750529,4.1016395207036,1.82282795099667,16.6720963998858,14.1984100038361
720897,1973,9,5.33007371455499,6.06488278404725,27124.3,33.9368903454566,7.31693717691371,0.434543500383342,18.9178127678633,17.869729403227
720989,1973,12,5.33007371455499,6.33393120079629,27439.2,34.0966317697752,17.7446738101339,5.54602315991136,4.64380647611182,14.7478735060178
721079,1974,3,5.33007371455499,6.96935049034272,28845.8,34.2544791729319,40.1279565187917,18.2151107427226,20.5049709904079,16.0185174012895
721170,1974,6,5.33007371455499,7.38255571591411,28663.4,34.4122637563979,23.7155658131394,23.9529307414487,-2.52931102621523,10.6720619010479
721262,1974,9,5.33007371455499,7.71803583909889,29042.4,34.5714249577019,18.1769097908253,27.2577906930042,5.28897479015046,7.07151889634019
721354,1974,12,5.33007371455499,8.07510626807963,28937.1,34.7280759244376,18.5057668258989,27.4896428787299,-1.4502933641848,5.4589783958716
721444,1975,3,5.33007371455499,8.51056611598959,29533.3,34.8807465983271,21.5704825895011,22.1141931056919,8.24132342218127,2.38336256924751
721535,1975,6,5.33007371455499,9.15395720364514,30780,35.0318297242976,30.2396375934031,23.9944208468692,16.8853463717228,7.38432984223782
721627,1975,9,5.33007371455499,9.75449983815023,31660.5,35.1830822671026,26.2418808017129,26.3857805471023,11.4424951267057,9.01475084703742
721719,1975,12,5.3849395028087,10.3681177233337,32674.9,35.3310752249443,25.162454061811,28.3960529945993,12.815969425625,12.9169820057988
721810,1976,3,5.41237239693555,10.4664359868066,33709.8,35.475242346499,3.79309981219143,22.98166589814,12.6690517798066,14.1416638167763
721901,1976,6,5.41237239693555,10.7571425359733,35174.8,35.6157788158668,11.1100492864273,17.5135768789669,17.383668844075,14.2781026640676
721993,1976,9,5.63320456803938,11.1478628059717,35942.9,35.7556689460004,14.5287754138,14.2843097128569,8.73466231506643,13.5260024320526
722085,1976,12,5.67856067052199,11.3382222559753,36353.6,35.8938635123497,6.83034778295354,9.35661186078511,4.57058278547356,11.2584889318712
722175,1977,3,5.68401331672208,11.5659201619655,36753.8,36.0301315641827,8.03293147195649,10.5048573988779,4.40341534263462,9.03001501047174
722266,1977,6,5.68054345095839,11.8262892160927,38566.5,36.1656903571595,9.00469830263677,9.93894685827648,19.7280281222621,9.64241445580359
722358,1977,9,5.68351762161298,12.2023408072793,40925.7,36.3019055205855,12.7191745209446,9.45901487720779,24.4689043600015,13.8630995273058
722450,1977,12,5.67756928030379,12.5330528452526,42409.5,36.4356824394865,10.8409375937439,10.5380769780516,14.5023787009142,16.6583226970644
722540,1978,3,5.6716209389946,13.0731269398973,42149.4,36.5652900553742,17.2367930244309,13.0314471898936,-2.45322392388499,14.6803867899374
722631,1978,6,5.69500441168629,13.3921707102059,43433.8,36.692052879442,9.76181970160184,13.240683239696,12.1890228567904,12.6205385502963
722723,1978,9,5.75069386903348,14.0042546818497,44285.5,36.8194456257892,18.2818449641576,14.7669525300867,7.84366092766459,8.20951138282302
722815,1978,12,5.74424983261519,14.6246731312212,46349.2,36.9469870142171,17.7208559388911,16.6888332140149,18.6399611611024,9.2896638724814
722905,1979,3,5.71896938205111,15.0700675687921,48541.2,37.0747077203476,12.1820004748033,15.2751567247499,18.9172628653785,15.1646286779883
722996,1979,6,5.71996077226931,16.1008756543263,48849.1,37.2030476633903,27.3604104514806,20.2260335739018,2.53722610895488,12.4679397151527
723088,1979,9,5.71996077226931,16.5856088313505,47467,37.3340345497586,12.0424053307675,18.4326421372962,-11.317301649365,7.18406701967913
723180,1979,12,5.72045646737841,17.4277243609694,46756.5,37.4656931186066,20.3095475886809,19.1665906280275,-5.98731750479283,0.878763819008753
723271,1980,3,5.95448191969848,19.1136223288474,47272,37.5983377731879,38.6946208916094,26.8316962853498,4.41008202068167,-2.61468608110223
723362,1980,6,5.95637889757085,20.4111336745472,46962.7,37.7318937509168,27.1536461980116,26.7703329480885,-2.61719411067867,-3.8616883422622
723454,1980,9,5.89952644487742,21.3886011070594,47827,37.8679876812746,19.1555735824924,28.9587938829844,7.36158696156741,0.75842164029747
723546,1980,12,5.78383875905416,22.9731518255846,46631.4,38.0043060105841,29.6335550061236,31.81957293882,-9.99937273924769,-0.267556382535048
723636,1981,3,5.73062777725247,23.9016125382558,48571,38.1394219892706,16.1660136096285,25.0501455298825,16.6377162169697,2.74792689118296
723727,1981,6,5.74103737454356,24.9817607271725,49711.8,38.2747827321708,18.0765743263198,22.3928132827077,9.39490642564493,5.85379460720957
723819,1981,9,5.74351585008906,26.2422669860239,51715.6,38.4131337904627,20.1828249436468,22.6927691748973,16.1233349023773,8.13055387124429
723911,1981,12,5.65756987081177,26.6463224164363,52665.2,38.5528218518185,6.15884947177136,15.9889710333999,7.34478571262827,12.9393498801237
724001,1982,3,5.40415028767978,26.7286670488617,53051.2,38.6938008200622,1.23611252822792,11.8278819308995,2.93172721265654,9.22402256490497
724092,1982,6,5.385313873534,27.0973842969704,54194.6,38.837777551924,5.51792945655876,8.46867277652201,8.62110564888258,9.01757731564739
724184,1982,9,5.3674259483244,27.4707688534292,55298.9,38.9851816588349,5.51174316113753,4.68138620820973,8.15062755329865,6.9288570566715
724276,1982,12,5.3718872043063,27.7884791056502,57281,39.131430584325,4.62615740995187,4.28635768705293,14.3373557159364,8.76442128768144
724366,1983,3,5.3713915091972,28.0881868873036,59706.7,39.2745064066986,4.31413004668474,5.08637350286318,16.9389500881618,12.5454278131315
724457,1983,6,5.3674259483244,28.1268588568496,61414.5,39.4170594121948,0.550722190808983,3.79916581097581,11.441262035919,13.322176010156
724549,1983,9,5.35751204614241,28.1978685972784,63773.5,39.5609009242566,1.00984956464885,2.64681249996552,15.3644497634924,15.3250787990358
724641,1983,12,5.35354648526962,28.4045636195649,64534.4,39.7028418505523,2.93206589814952,2.21705013639799,4.7725152296801,12.6628375901259
724732,1984,3,5.33421437601474,28.6445965480841,67142.5,39.8429553642966,3.38020230458795,1.9809383318794,16.1656418902167,12.4538787104295
724823,1984,6,5.34611105863312,28.7436101316579,68657,39.9819114153924,1.38264937203922,2.19274849689826,9.02260118404888,11.792817657068
724915,1984,9,5.34363258308763,28.8579591533756,69809.8,40.1206054704515,1.5912965865308,2.34092358370962,6.71628530229987,9.46521674363177
725007,1984,12,5.33024881514194,29.1466654263559,70350.7,40.255604876295,4.00175593077614,2.61261470772895,3.09927832481975,9.01271259979173
725097,1985,3,5.32420278076523,29.1976724232808,72078.9,40.3850767284977,0.700004562151605,1.9308209639758,9.8261993128711,7.35212421342666
725188,1985,6,5.3241584526228,29.3890320080991,73807.7,40.511131051234,2.62157314520334,2.24544472140025,9.59393109495289,7.5020755349054
725280,1985,9,5.320149990468,29.6293983150898,74802.2,40.6363651251037,3.27151036379183,2.67322840681202,5.38968156438966,7.15143146091235
725372,1985,12,5.30776046646135,30.0191184451855,77179.1,40.7591851384844,5.26126283026389,2.99332018283197,12.7103213541848,9.70622893588835
725462,1986,3,5.30794253523246,30.2631519203714,78418.9,40.8794876125668,3.25170741614522,3.64919327008081,6.42557376284509,8.79591669684194
725553,1986,6,5.32330908361455,30.1839219882499,81654.7,40.9986393320334,-1.04721322260013,2.70471643956094,16.5052047401838,10.6316820602729
725645,1986,9,5.36942784903583,30.3093344301769,85381.5,41.117349625252,1.66197675670821,2.2948023036322,18.2563894056312,14.1430332262955
725737,1986,12,5.36100103218114,30.2746779169706,86676.5,41.2323024167712,-0.457370824635689,0.851322373945777,6.06688802609466,12.305663061632
725827,1987,3,5.35406130065375,30.305805540595,89176.8,41.3418627393722,0.411269427338198,0.140942425084802,11.5385369736895,13.7185040851121
725918,1987,6,5.35108712999915,30.8325319579021,93998.4,41.4477145733063,6.95215201063036,2.14885915059229,21.627149662244,15.1169497897855
726010,1987,9,5.36000964196294,31.3026886698471,95056,41.5525462421174,6.0994888462215,3.27738717575137,4.50050213620659,11.3309089205507
726102,1987,12,5.35852255663564,31.896660037442,96719.5,41.6556214091796,7.59003641967757,5.35755367875322,7.00008416091566,11.5867622712039
726193,1988,3,5.36149672729024,32.5796940028404,104030.4,41.7574084181635,8.56558604689769,7.50314476610569,30.2354747491457,16.6563500820841
726284,1988,6,5.36447089794484,33.0405681055981,102150.4,41.8571301388642,5.65842150288569,7.16138444520496,-7.22865623894558,8.67248804234966
726376,1988,9,5.38537589509104,33.5256116139008,105616.6,41.9569902617442,5.87209646943643,7.10138022806643,13.5729277614186,11.1098720754082
726468,1988,12,5.38951306109188,34.0868052954337,108646.8,42.0565525447483,6.69570104188864,6.86637803274941,11.4762262750363,12.3318462150859
726558,1989,3,5.42421171872884,34.3950479613182,108617.4,42.1553360894794,3.61714937158791,5.57204115643188,-0.108240647676723,4.40928805426107
726649,1989,6,5.44949216929292,34.8781049427163,110439.3,42.2536075977648,5.61775034523987,5.56145654410469,6.70942224726429,8.11440777520207
726741,1989,9,5.44750938885652,35.4283727286738,113588.1,42.3538202368605,6.31075325750953,5.67554482431601,11.4046358497383,7.54758248229919
726833,1989,12,5.45130334460127,36.1266367264525,117924.2,42.4554858128616,7.88366999665857,5.98422590013774,15.2695572863706,8.53904578873927
726923,1990,3,5.3996652506909,37.0129585490812,119159.6,42.5587606915532,9.81349943356014,7.61130087885672,4.19048846631995,9.70581140774868
727014,1990,6,5.44626059094626,37.9224565123817,121845.8,42.6643736553265,9.82896800421395,8.72854638939096,9.01715010792248,10.3282979881256
727106,1990,9,5.43882516430976,38.5922469675966,126163.7,42.7733184458664,7.06484248979137,8.93034027600743,14.1749654070965,11.071230172879
727198,1990,12,5.44229503007346,39.3756005144345,128569.2,42.8831081101338,8.11928414010828,8.99326392485078,7.62659941013146,9.02698513112661
727288,1991,3,5.43188543278237,40.6039359492946,133273.1,42.9925214996236,12.4781379210696,9.70194640196502,14.6346092221154,11.8441988727723
727379,1991,6,5.47104534640123,41.2816725060011,135544.5,43.1029591163695,6.67656019901949,8.85811812460659,6.81727970610717,11.2426525986124
727471,1991,9,5.5062396991473,42.2209683599101,138631,43.2164204336874,9.10133525982957,9.40272121330563,9.10844777914264,9.88184398523507
727563,1991,12,5.49632579696531,43.0639176888899,142201,43.3312236543368,7.98607290855261,9.36701187097677,10.3007263887586,10.6026948911559
727654,1992,3,5.43733807898246,43.4959871611335,144661.6,43.4478101498399,4.01328532499059,7.12258835067232,6.92147031314835,8.54523531005131
727745,1992,6,5.44477350561896,44.1786900355026,145750.7,43.566293425388,6.27830674898763,7.01768449202326,3.0114418753837,7.52977804337323
727837,1992,9,5.44477350561896,44.765377473317,145926.1,43.6876548787529,5.31194960595644,6.02641107545709,0.481369900796324,5.26224293267741
727929,1992,12,5.41751027461849,45.1060667319965,148222.7,43.8092855090013,3.04422102892028,4.7421348374754,6.29524122141277,4.23463970014278
728019,1993,3,5.33996443928029,45.4957569750981,151302,43.9300540784501,3.45576789407966,4.5975961105478,8.30992823636319,4.5902990150807
728110,1993,6,5.34313688797853,46.2556032877506,155120.8,44.0519709683477,6.68059057083809,4.70116531427031,10.0958348204254,6.42885420104326
728202,1993,9,5.370400118979,46.7230991449445,157958.3,44.1760697495926,4.04271762956478,4.37329423346071,7.31687820073131,8.24540640776392
728294,1993,12,5.34407870868582,47.5991572442836,161068.4,44.2990890798878,7.4999999175688,5.52717337802929,7.87574948578202,8.66648630742792
728384,1994,3,5.33520576623293,48.4437620118572,165850.7,44.4195648497016,7.09764471869948,6.47973620566987,11.8764450382571,9.61566932360445
728475,1994,6,5.34611105863312,48.9652251659107,168612.4,44.5393237313183,4.3057197244587,5.85793219754136,6.66068940318007,8.69747964167283
728567,1994,9,5.3733742896336,50.0144421446661,171330.8,44.6602178547561,8.57111940321096,7.04435934249825,6.44887327385175,8.465841934232
728659,1994,12,5.36246899723341,50.3147387085505,178271.7,44.7800355200444,2.40167880322133,5.70510408478523,16.2046753998698,10.6807418463212
728749,1995,3,5.38279249670649,50.7123750613453,182209.4,44.8979367858058,3.16119183365385,4.68298281403669,8.83527783714408,9.86350977113753
728840,1995,6,5.3649474727789,51.3460769569507,185683.6,45.0152591990885,4.9984004483232,4.86233195696086,7.62682935128487,10.1245222771279
728932,1995,9,5.33966702221483,52.0069280418321,189589.1,45.1336614317265,5.14821091734399,3.98382109592015,8.41323627934827,10.6567529014048
729024,1995,12,5.33669285156023,52.5317020734258,193183.4,45.2509156850684,4.03618557259665,4.40619075399979,7.58334735488484,8.36459180004452
729115,1996,3,5.32578755916004,53.0389284586421,197063.4,45.3669651185816,3.86224976687214,4.5877429216881,8.03381657016081,8.1521589994808
729206,1996,6,5.33490834916747,53.8769114711048,200858.6,45.4818327168459,6.31975823656558,4.92897347596015,7.7035106468274,8.17250419530858
729298,1996,9,5.3982661204972,54.668873294143,204565.9,45.597298036579,5.87978636052969,5.11844354692477,7.38290518802779,7.89961026240431
729390,1996,12,5.36431137811779,55.1797416429484,208158.9,45.7117879965907,3.73791020756283,5.0408409874503,7.0256088624742,7.75196005453884
729480,1997,3,5.41573560655058,55.4866599604582,209163.5,45.8248253605103,2.22486230179061,4.61497163111959,1.93044832577425,6.14020665430517
729571,1997,6,5.47047752305126,56.0968546240284,216503.8,45.9378895023736,4.39885669099607,4.1203979447006,14.0374396106395,7.78916113126347
729663,1997,9,5.48686006489061,56.8941138469815,218621.3,46.0517281907607,5.68487647513524,4.07039768474039,3.91217151846757,6.87084211004864
729755,1997,12,5.83133830056819,57.8949920258547,217284.7,46.1632023489408,7.03677840252618,4.92073776002057,-2.44550736822072,4.38405468130357
729845,1998,3,6.95139682277411,60.4288063656247,202695.9,46.2708623455268,17.5062764574765,8.90690917184145,-26.8565619208348,-3.09212649434534
729936,1998,6,6.82790015034271,60.7201635565945,201114.3,46.376393518784,1.92859802132699,8.24165448054501,-3.12112874508068,-7.10818932508343
730028,1998,9,5.95270336293543,60.895308952403,205049.8,46.4817842470052,1.15378737835738,7.03270485270733,7.82738969829592,-6.20776658084094
730120,1998,12,5.3320296659316,61.3224121041748,210160.9,46.5854951964618,2.80549132023049,5.92006313221259,9.97045595752837,-3.27855573816289
730210,1999,3,5.06428661022483,60.8598825534696,216688,46.6873441298791,-3.01703429355905,0.713362076418747,12.4230530036749,6.90300099804683
730301,1999,6,4.782576095856,61.11283356984,226088.5,46.7886044518013,1.6625139961331,0.646688003202684,17.3530606217234,12.4179135944088
730393,1999,9,4.74999897199919,61.2979116050531,232582.6,46.8897628495046,1.21138572310844,0.66113902626681,11.4894831006442,13.4273722773687
730485,1999,12,4.74999896232485,62.0686838180985,238809.5,46.9878358676902,5.02968008444793,1.21696405656056,10.7091416124852,13.6317459622604
730576,2000,3,4.88999888880947,62.0597444523684,243573.1,47.0821665437019,-0.0576095072760836,1.9715153045927,7.97891206170613,12.4072860518349
730667,2000,6,4.99999874258179,62.0938464837699,247325.9,47.1733840329055,0.219801300842562,1.60524861412088,6.16291372076796,9.39340125658757
730759,2000,9,4.99999870695553,63.1026707570139,254117.2,47.2632952890732,6.49870691136954,2.94424247858396,10.9835646003917,9.25890414846167
730851,2000,12,5.23999846047754,63.6307556651047,253273,47.350972598653,3.34746470636242,2.51668273099526,-1.32883567109985,6.05650110234308
730941,2001,3,5.10333180725378,64.3853045686386,255820.8,47.4362773692389,4.74329682649204,3.74729244664402,4.02380040509644,5.02834672630105
731032,2001,6,4.99999848578449,65.2282538923243,259678.3,47.5202537322178,5.23690509400058,5.04785511938562,6.03156584609224,4.99438190662602
731124,2001,9,4.54999873581821,65.6940943052777,262985.6,47.6034898223374,2.85667872527966,4.1066780806195,5.09445725730637,3.48988576924347
731216,2001,12,3.99999918354528,65.7867988592748,266982.9,47.6837396832018,0.564462026472768,3.38836647723879,6.07987661681858,5.41309180212657
731306,2002,3,3.99999916480543,66.0430607496333,274419.9,47.7600880514375,1.55813564302917,2.5747430909913,11.1422866408298,7.27036269138399
731397,2002,6,4.15333235912348,66.9770592035252,279643.7,47.8338696439598,5.65690592344043,2.68105492151871,7.61431660021736,7.68851305634703
731489,2002,9,4.24999891593982,67.3664183558714,284837.5,47.9064705945903,2.32532844515038,2.54562311617008,7.42916790186945,8.30916217465901
731581,2002,12,4.24999890755663,67.9292674761496,287527.5,47.9768072000425,3.34201600153324,3.25668470578395,3.77759248694429,7.69509957379293
731671,2003,3,4.24999884523119,68.7573178589138,285982.5,48.0446775722452,4.87595649727791,4.10982937264232,-2.14935962647053,4.21346994150204
731762,2003,6,4.113332249966,69.1867386250075,286171.6,48.1109019697357,2.49818218316705,3.29915861902464,0.264491708408684,2.33436333448597
731854,2003,9,3.77666584710486,69.4628657809638,290747.7,48.1762516118796,1.59641666275292,3.11200665889292,6.39630207889252,2.07493746434371
731946,2003,12,3.74999922470114,70.3349508322092,298161.4,48.239310580045,5.02187775549265,3.54145340504996,10.1994959891343,3.69839406665452
732037,2004,3,3.74999923717748,71.0186469815421,302404.3,48.2999437431786,3.88822991268694,3.28885592551541,5.69208489093489,5.742239472695
732128,2004,6,3.74999920241653,71.5437521083848,304926.1,48.3583146001909,2.95756198779253,3.40674171122923,3.33566685394351,6.55358533131869
732220,2004,9,3.61333260863186,72.3986205972404,305706.2,48.4156509475469,4.77955636187784,4.22636581901747,1.02332991501879,5.14483863500898
732312,2004,12,3.36333279040672,72.7449383518533,308211.9,48.4715026013357,1.91339421528187,3.42644373974652,3.27857269496008,3.37082533151506
732402,2005,3,3.24999956875154,73.3670521727049,311097.1,48.5259223132246,3.42079509555748,3.30674448328074,3.74443686308024,2.87456229954401
732493,2005,6,3.24999956541205,73.6762880966122,316930.1,48.5795677705671,1.68596619190521,2.9807438460828,7.49990919233898,3.93669154591882
732585,2005,9,3.2499995732535,74.0871679535515,321379.3,48.6326257047957,2.23073049717442,2.33229216576467,5.61537070792582,5.12685055128092
732677,2005,12,3.53999938065793,74.4973856376379,325066.9,48.6834554677552,2.21478399251839,2.40902985896885,4.58971688593516,5.46864024393608
732767,2006,3,3.89333240762363,74.9367390371828,330234.4,48.7314929831154,2.35902721033455,2.13949834154835,6.35869108789609,6.15155203954008
732858,2006,6,4.06333227645168,75.3191453475249,332617.8,48.7778422421412,2.04122205078789,2.22983173196567,2.88691910957783,4.94989273660029
732950,2006,9,4.38999868976791,75.9253669585467,337830.8,48.8230533918724,3.21948215543148,2.48113007389838,6.26905715809556,5.1190291347327
733042,2006,12,4.49999857406532,76.0806470948408,340636.5,48.8660348045825,0.818067228460791,2.12525774381405,3.32201800427907,4.78966022071148
733132,2007,3,4.49999862327484,76.4743103902803,346675,48.9061385037072,2.06971581063868,2.05182581048074,7.09084317153332,4.97846378208932
733223,2007,6,4.49999864567163,77.1474117205521,352543.6,48.9438306253796,3.52066636148339,2.42735942447499,6.7712987668566,5.99059942071651
733315,2007,9,4.86333171018633,77.6589422430088,356718.2,48.980773432632,2.65222389733344,2.2832623060071,4.73654889778174,5.59078686727203
733407,2007,12,4.99999831051988,78.6578338907635,363742.3,49.017545789922,5.14501804378983,3.38744068870767,7.8763573038886,6.78312512017942
733498,2008,3,4.99999833197856,79.7479371110831,366484.8,49.054644544556,5.54352016270104,4.28068812140457,3.01587140126401,5.71422802336481
733589,2008,6,4.99999831107003,81.4253335031686,367818.8,49.0912338803365,8.41349107124387,5.54512677380843,1.45599490074346,4.33285414910382
733681,2008,9,5.14999825921607,82.5303335139031,370260.1,49.1285029979891,5.42828607851601,6.27280147037139,2.65489420334137,3.7962458882109
733773,2008,12,4.099999078439,82.7486668306479,357768.2,49.1668372819854,1.05819670149788,5.20079531501661,-13.4952699467212,-1.64239902810314
733863,2009,3,2.28000042970506,83.0303334839054,358711.7,49.2064292328537,1.3615525858994,4.11596398819711,1.05487295964258,-2.12098837386979
733954,2009,6,2.0000006587464,83.6873334707769,363561,49.2473034725207,3.16510826491543,2.77800516164935,5.40746231583745,-1.15758085231097
734046,2009,9,2.00000071183793,84.1306668073096,374652,49.2902344526908,2.11899850620796,1.93908497066349,12.2026289948592,1.18616615725
734138,2009,12,2.00000080509489,84.7950001379263,377396.3,49.3347494598879,3.15857870062183,2.47295018234726,2.92997234767194,5.48626177508228
734228,2010,3,2.00000082872832,85.4610001379776,386238.5,49.3806712155058,3.1416946705254,2.92744416658689,9.37179299320104,7.67379486088689
734319,2010,6,2.00000070277787,85.9463334731065,392479,49.4285073614562,2.27160147597311,2.6993332307792,6.46284614299202,7.95409848691142
734411,2010,9,2.2266672003243,86.6366668071635,396469.6,49.479148002248,3.21285763410924,2.97869979515735,4.0670711044412,5.82343081045877
734503,2010,12,2.37666704742342,87.462666813908,402066,49.5319012997941,3.81362781919137,3.14601883559466,5.64623365826787,6.53681554376659
734593,2011,3,2.77333343391383,88.693000154763,405904.8,49.5867491914513,5.62678173750504,3.78184202334076,3.81907448030921,5.09175030453981
734684,2011,6,3.05666650020278,89.4056668233458,407666.7,49.6446765079989,3.2140830385232,4.02499235330586,1.73626919415585,3.86968474746421
734776,2011,9,3.2499996445585,90.396666815213,409552.3,49.7059546277077,4.43372339619248,4.33996383588781,1.85013885117422,3.29979902620529
734868,2011,12,3.2499996282184,90.9170001466642,412298.9,49.7687590194316,2.30244476830029,3.94949463421446,2.68253895778389,2.54507966353783
734959,2012,3,3.24999962132535,91.3263334800052,416240.7,49.8328158968666,1.80090998462646,2.96904301427088,3.82421587833488,2.54638526078037
735050,2012,6,3.24999960168176,91.6120001395143,417998,49.8987380018563,1.25119075133631,2.4677779323853,1.68873442697935,2.53425163252234
735142,2012,9,3.0299997048057,91.7953334649962,419861.6,49.9671622587475,0.800477340098212,1.54725467106252,1.78335781510907,2.5172120874428
735234,2012,12,2.7799998730356,92.5263334544383,422987.5,50.0365999599518,3.18534706220487,1.77011263589651,2.97802895049227,2.59243961116557
735324,2013,3,2.74999989507482,92.7343334485934,426342.4,50.1068997264354,0.899203443558065,1.54172396387339,3.1725760217501,2.42688905722098
735415,2013,6,2.60666662438982,92.7443334419479,431160.1,50.1797812781374,0.0431339417995673,1.23600980298339,4.52002897201868,3.14884281742975
735507,2013,9,2.50000005013049,93.1276667719357,435484.7,50.2542715034863,1.65329057102036,1.45141725254211,4.01205955745905,3.72101187629448
735599,2013,12,2.5000000393416,93.4306667697552,439300.3,50.3265139611594,1.30143923206629,0.977379391956788,3.50469258736297,3.85656786548066
735689,2014,3,2.50000003511474,93.7753334318292,442669.9,50.3949598118126,1.47560399166719,1.12256156325623,3.06815178591961,3.82966836045395
735780,2014,6,2.50000002027954,94.2500000905045,446872.4,50.4620294282615,2.02469729001973,1.62345945318488,3.79741202191519,3.64419156596357
735872,2014,9,2.37000008154437,94.419666755135,448023.5,50.5278868713775,0.72007072453124,1.38734280368406,1.03036123958429,2.87927451871444
735964,2014,12,2.0366670021094,94.3300000811653,450409.2,50.590020979362,-0.379864394998606,0.962567583539055,2.12997755698086,2.52877132112135
736054,2015,3,1.94666705814802,94.4333333936612,454302.8,50.6476481658931,0.438177938755473,0.701677016494287,3.45783345455641,2.62789496191178
736145,2015,6,1.69666721774667,94.7896667212877,456256.6,50.7026203643414,1.50935401651475,0.572590589140589,1.7202623448502,2.09997305718588
736237,2015,9,1.50000073061854,95.0086667111527,463025.5,50.755395924415,0.924151323409433,0.62381067023378,5.9342922381835,3.34848506830556
736329,2015,12,1.5000007416935,95.2040000328897,466604,50.8043648009787,0.822381066901357,0.926534454545134,3.09140641282175,3.59557486836415
736420,2016,3,1.50000074028801,95.2523333557782,468400.3,50.8494644074352,0.203072656072379,0.867278462683174,1.53989249984994,3.10310656240726
736511,2016,6,1.44000076397328,95.5953333539735,474271.5,50.8915829598645,1.44038465457498,0.849951962648788,5.01383111838311,3.9484141160917
736603,2016,9,1.25000091503037,95.7540000205219,476105.6,50.9313968382352,0.663909674171691,0.784489810424517,1.54687768503902,2.82492000980508
736695,2016,12,1.2500009457255,96.5153333559133,479773.7,50.9682198860083,3.18037193319628,1.37739309542724,3.08175329170678,2.82245758716171
736785,2017,3,1.25000096370315,97.3590000297183,485188.1,51.0023453148746,3.49650835559521,2.21166936254617,4.51412822336863,3.58407114598347
736876,2017,6,1.25000095729811,97.4413333581955,488752.2,51.0350147072744,0.33826694379411,1.93105661066801,2.93832433235696,3.05325114412314
736968,2017,9,1.25000096249503,97.8483333550372,495472.5,51.0655801369659,1.67074888167014,2.18720192792614,5.49996501294521,4.0677740400449
737060,2017,12,1.33666762506077,97.9206666957201,494319.3,51.0920556931211,0.295695749545018,1.4560726165908,-0.930990115495831,3.03176268311498
737150,2018,3,1.5000007903601,98.4130000262892,501586.1,51.1136339772877,2.01115187297097,1.08259123065069,5.88024784789917,3.37972015389497
737241,2018,6,1.50000079025373,98.9043333570226,505496.7,51.1319843663709,1.99702612704459,1.50141623519148,3.11858721762832,3.42596923348889
737333,2018,9,1.50000078588071,99.4153333586194,508089.3,51.1486867697285,2.06664353017663,1.6014580421073,2.05152674587185,2.54641781329943
737425,2018,12,1.58666742689672,99.6040000204456,510930.2,51.1646378189214,0.759104880313032,1.71907870067542,2.23653597900994,3.3603583756491
737515,2019,3,1.75000056802219,98.9566666887452,511364,51.1806616423126,-2.59962785256613,0.552433786502533,0.339615861422999,1.94939612561033
737606,2019,6,1.75000054095262,99.547666685463,518107.4,51.1966024677922,2.38892443124303,0.650460203920616,5.27483358234059,2.49471460446726
737698,2019,9,1.54666731413078,99.4600000196552,519165.9,51.2119678835546,-0.352260052803558,0.0449293479454838,0.817205081417512,2.1800498455685
737790,2019,12,1.29000087826349,99.898333349985,524345.1,51.2257576770793,1.7628527256914,0.295503523431833,3.99040075629006,2.62558369029664
737881,2020,3,1.1666676035384,99.9253333469947,517612,51.2377595601972,0.10810989975198,0.978879635564397,-5.13638822981278,1.22183024225404
737972,2020,6,0.66000134750863,99.5406666722513,503461.2,51.248696235295,-1.53981642836294,-0.00703182047831774,-10.9354497190946,-2.82686562670212
738064,2020,9,0.500001498656513,100.091000006702,514615,51.2586784790249,2.21149145509492,0.63442588670992,8.86169579701476,-0.876579143583982
738156,2020,12,0.500001509993084,100.447666674847,522778.3,51.2673565604735,1.42536958616085,0.54989238202505,6.34517066156252,-0.298810840417886
738246,2021,3,0.500001509989036,101.353333349291,530731.1,51.2745102056292,3.60652150288888,1.42906703882362,6.08502686511667,2.53454324861093
738337,2021,6,0.500001511443187,101.998000027652,538119.9,51.2800437093413,2.54423473627315,2.4686727922888,5.56877107823527,6.8840856058024
738429,2021,9,0.600001486323984,102.709000036395,538107.6,51.2838232360772,2.78828999999894,2.6156198154855,-0.00914294379379044,4.56508263459089
738521,2021,12,0.850001334804601,103.950000042861,546464.3,51.2855543452399,4.8330721008935,3.4867244645429,6.21191746780767,4.53079249846446
738611,2022,3,1.21333437326417,105.31266670801,548545.8,51.2850857454311,5.24354656887675,3.90646585354378,1.52361279593197,3.35663389614818
738702,2022,6,1.5633341542174,107.470000043369,553397.8,51.2822446712072,8.19401275381517,5.36481108868156,3.53808196143331,2.83912562980852
738794,2022,9,2.28666703489724,108.708333371884,556130.3,51.2767629650678,4.60903816140467,5.84109798884586,1.97507109713843,3.34927438304162
738886,2022,12,3.04666656651867,109.391000035864,554084.9,51.2684996676425,2.51192026518981,5.23424722535763,-1.47116601990575,1.39452842573613
738976,2023,3,3.46666603756202,110.141000032892,556056.4,51.2573946333049,2.74245594896405,4.58476029124755,1.42324759256206,1.36918375822037
739067,2023,6,3.49999927617872,110.967666696257,559865.6,51.2431647915809,3.00221230283955,3.25455164369259,2.74015369663931,1.16874335243109
739159,2023,9,3.49999929655647,112.054666691873,564243.5,51.225363336685,3.9182584548401,3.07826752208722,3.12782210587687,1.45886674399867
739251,2023,12,3.49999932943209,113.213666687156,567012.3,51.2040581983696,4.13726631652042,3.49449831342541,1.9628405112332,2.33310815725171
739342,2024,3,3.49999925113127,113.447000019532,573667.3,51.179101805597,0.824399877520079,3.00160701796123,4.69478351704186,3.16710678988679
739433,2024,6,3.49999922468368,113.925666684231,572357.1,51.1503318309555,1.68771907451412,2.6656413314255,-0.913560874046766,2.23116047851484
739525,2024,9,3.49999918158147,114.440000015439,572866.1,51.1171057779633,1.80585585734099,2.12872287606267,0.355721978464203,1.52817001879508
739617,2024,12,3.18999942500571,114.920000013446,573311.8,51.0796630982452,1.67773505047887,1.50717963318381,0.311207104068501,1.11099882665684
739707,2025,3,2.89999965003489,115.820333343019,572057.7,51.0381928287947,3.13377420629479,2.09201946554639,-0.874986351231598,-0.280580747760965
739798,2025,6,2.65999979718816,116.265666674483,575918.3,50.9920910248288,1.53801433171293,2.05397085516972,2.69944797526546,0.622198973333269
739890,2025,9,2.49999995867783,116.685333339379,583601,50.9404198118218,1.4438197514358,1.96201793397167,5.33596518811777,1.87389339323798
739982,2025,12,2.49999998665115,117.657000001924,581988.4,50.8838320734745,3.33089561382661,2.3816567944293,-1.10527569349603,1.51341730625462
740072,2026,3,2.5,118.108,NaN,50.8332841657742,1.53327043208213,1.97518569576674,NaN,NaN
