Matlab Date,Year,Month,ii Rate,CPI Level,Real GDP Level,Population,Inflation Exp,CPI QoQ Ann,CPI YoY,GDP QoQ Ann,GDP YoY,rr ante,rr post
703365,1925,9,NaN,20.9800004896066,NaN,NaN,NaN,NaN,NaN,NaN,NaN,NaN,NaN
703457,1925,12,NaN,21.0100004901389,NaN,NaN,NaN,0.571973304713424,NaN,NaN,NaN,NaN,NaN
703547,1926,3,NaN,20.9100004883636,NaN,NaN,NaN,-1.90385529638098,NaN,NaN,NaN,NaN,NaN
703638,1926,6,NaN,20.9500004890741,NaN,NaN,NaN,0.765184118148454,NaN,NaN,NaN,NaN,NaN
703730,1926,9,NaN,21.0100004901389,NaN,NaN,NaN,1.14558471912505,0.142993326178356,NaN,NaN,NaN,NaN
703822,1926,12,NaN,20.8800004878305,NaN,NaN,NaN,-2.47501188530521,-0.618752971326302,NaN,NaN,NaN,NaN
703912,1927,3,NaN,20.9000004881859,NaN,NaN,NaN,0.383141760309343,-0.0478240073846763,NaN,NaN,NaN,NaN
704003,1927,6,NaN,20.7800004860517,NaN,NaN,1.09924403105843,-2.2966507049037,-0.811455842738425,NaN,NaN,NaN,NaN
704095,1927,9,NaN,20.710000484805,NaN,NaN,1.21648802767895,-1.34744946312628,-1.42789147232398,NaN,NaN,NaN,NaN
704187,1927,12,NaN,20.6800004842703,NaN,NaN,0.872519911501978,-0.57943022370722,-0.957854400802319,NaN,NaN,NaN,NaN
704278,1928,3,NaN,20.7400004853395,NaN,NaN,0.942574094485712,1.16054157957751,-0.765550234971997,NaN,NaN,NaN,NaN
704369,1928,6,NaN,20.8400004871193,NaN,NaN,0.627828249415394,1.92864029777684,0.288739170664897,NaN,NaN,NaN,NaN
704461,1928,9,NaN,20.7600004856957,NaN,NaN,1.09448256131007,-1.53550862867019,0.241429259875446,NaN,NaN,NaN,NaN
704553,1928,12,NaN,20.8000004864077,NaN,NaN,1.31846190155743,0.770712905129301,0.580270789784066,NaN,NaN,NaN,NaN
704643,1929,3,NaN,20.7500004855176,NaN,NaN,1.25023735817864,-0.961538456170729,0.0482160074450064,NaN,NaN,NaN,NaN
704734,1929,6,NaN,20.6900004844486,NaN,NaN,1.55411340516626,-1.15662649956869,-0.71976966969595,NaN,NaN,NaN,NaN
704826,1929,9,NaN,20.7700004858737,NaN,NaN,1.2710395167968,1.54664088065732,0.0481695565708122,NaN,NaN,NaN,NaN
704918,1929,12,NaN,20.6900004844486,NaN,NaN,1.2143576413801,-1.54068366978771,-0.528846150898119,NaN,NaN,NaN,NaN
705008,1930,3,NaN,20.6200004832001,NaN,NaN,1.22379445450429,-1.35331077060255,-0.62650602060566,NaN,NaN,NaN,NaN
705099,1930,6,NaN,20.4700004805204,NaN,NaN,1.10539674078362,-2.90979629805361,-1.06331560549503,NaN,NaN,NaN,NaN
705191,1930,9,NaN,20.300000477476,NaN,NaN,1.09202217770241,-3.32193451985898,-2.26287914012039,NaN,NaN,NaN,NaN
705283,1930,12,NaN,19.8700004697397,NaN,NaN,0.668064709985963,-8.47290635708868,-3.96326725717181,NaN,NaN,NaN,NaN
705373,1931,3,NaN,19.2900004592221,NaN,NaN,0.622972001261401,-11.6758932421941,-6.45004846174261,NaN,NaN,NaN,NaN
705464,1931,6,NaN,18.8700004515453,NaN,NaN,-0.469548949850455,-8.70917569058059,-7.81631651888684,NaN,NaN,NaN,NaN
705556,1931,9,NaN,18.4600004440008,NaN,NaN,-1.48704715810908,-8.69104393711643,-9.0640393605742,NaN,NaN,NaN,NaN
705648,1931,12,NaN,18.3400004417831,NaN,NaN,-2.18134035273075,-2.60021667023778,-7.70005028578977,NaN,NaN,NaN,NaN
705739,1932,3,NaN,18.1000004373345,NaN,NaN,-2.78722451733681,-5.23446016722755,-6.1689994482025,NaN,NaN,NaN,NaN
705830,1932,6,NaN,17.3300004229405,NaN,NaN,-2.19710114978235,-17.0165744925777,-8.16110223504882,NaN,NaN,NaN,NaN
705922,1932,9,NaN,17.020000417092,NaN,NaN,-1.94454612929019,-7.15522211847474,-7.8006500123178,NaN,NaN,NaN,NaN
706014,1932,12,NaN,16.6500004100702,NaN,NaN,-2.81858626433594,-8.69565212584308,-9.21483092150149,NaN,NaN,NaN,NaN
706104,1933,3,NaN,16.4900004070195,NaN,NaN,-2.44421220611815,-3.84384382246293,-8.89502757687252,NaN,NaN,NaN,NaN
706195,1933,6,NaN,16.4300004058733,NaN,NaN,-3.0873625726202,-1.45542752371739,-5.19330637681821,NaN,NaN,NaN,NaN
706287,1933,9,NaN,16.5000004072104,NaN,NaN,-2.27502287898066,1.70419962526864,-3.05522912537276,NaN,NaN,NaN,NaN
706379,1933,12,NaN,16.5400004079738,NaN,NaN,-2.19327017646225,0.969696964270554,-0.660660656980241,NaN,NaN,NaN,NaN
706469,1934,3,NaN,16.6400004098798,NaN,NaN,-0.223484206492691,2.41837967205311,0.909642202291195,NaN,NaN,NaN,NaN
706560,1934,6,NaN,16.7600004121625,NaN,NaN,0.391010031204323,2.88461536843442,2.0085209868359,NaN,NaN,NaN,NaN
706652,1934,9,NaN,16.7200004114021,NaN,NaN,1.45715362935446,-0.954653932618271,1.33333332583152,NaN,NaN,NaN,NaN
706744,1934,12,NaN,16.7400004117824,NaN,NaN,1.98149470494762,0.478468896845641,1.20918983600613,NaN,NaN,NaN,NaN
706834,1935,3,NaN,17.1100004187932,NaN,NaN,1.90678650225201,8.84109911372263,2.82451921476132,NaN,NaN,NaN,NaN
706925,1935,6,NaN,17.2300004210573,NaN,NaN,1.74615544138367,2.80537695679595,2.8042959268291,NaN,NaN,NaN,NaN
707017,1935,9,NaN,17.3500004233168,NaN,NaN,2.66194582920763,2.7858386378864,3.76794256228024,NaN,NaN,NaN,NaN
707109,1935,12,NaN,17.6700004293194,NaN,NaN,2.56183977227999,7.37752157221985,5.55555552365712,NaN,NaN,NaN,NaN
707200,1936,3,NaN,17.4000004242568,NaN,NaN,2.83554260601027,-6.11205429547232,1.6949152446841,NaN,NaN,NaN,NaN
707291,1936,6,NaN,17.6600004291323,NaN,NaN,3.46549105063809,5.97701146059723,2.49564711298234,NaN,NaN,NaN,NaN
707383,1936,9,NaN,18.0200004358476,NaN,NaN,2.25452351149044,8.15402033901466,3.86167144774517,NaN,NaN,NaN,NaN
707475,1936,12,NaN,18.220000439561,NaN,NaN,2.76504290773927,4.43951162876755,3.11262024266298,NaN,NaN,NaN,NaN
707565,1937,3,NaN,18.6300004471351,NaN,NaN,2.629794612122,9.00109764396922,7.06896547636633,NaN,NaN,NaN,NaN
707656,1937,6,NaN,18.9800004535609,NaN,NaN,3.3675705946837,7.51476109555557,7.47451864299589,NaN,NaN,NaN,NaN
707748,1937,9,NaN,19.2000004575815,NaN,NaN,3.56342190826716,4.63645940491585,6.54827965146112,NaN,NaN,NaN,NaN
707840,1937,12,NaN,19.5200004634044,NaN,NaN,4.433260480604,6.66666662909626,7.13501642415308,NaN,NaN,NaN,NaN
707930,1938,3,NaN,19.5700004643116,NaN,NaN,4.44936309259696,1.0245901582004,5.04562530657935,NaN,NaN,NaN,NaN
708021,1938,6,NaN,19.6500004657616,NaN,NaN,4.34217397009237,1.63515584163417,3.53003159214897,NaN,NaN,NaN,NaN
708113,1938,9,NaN,19.7200004670289,NaN,NaN,3.70133969648944,1.42493637878988,2.70833331799265,NaN,NaN,NaN,NaN
708205,1938,12,NaN,19.6000004648556,NaN,NaN,3.29472693165024,-2.43407706554427,0.409836063278419,NaN,NaN,NaN,NaN
708295,1939,3,NaN,20.1300004744236,NaN,NaN,2.55232127715327,10.8163264693466,2.86152272266551,NaN,NaN,NaN,NaN
708386,1939,6,NaN,20.3300004780138,NaN,NaN,1.75794564495579,3.97416788627123,3.46055977676465,NaN,NaN,NaN,NaN
708478,1939,9,NaN,20.6000004828432,NaN,NaN,2.76885597579936,5.31234625638791,4.4624746195399,NaN,NaN,NaN,NaN
708570,1939,12,NaN,21.08000049138,NaN,NaN,2.50029267941104,9.32038829681812,7.55102036440366,NaN,NaN,NaN,NaN
708661,1940,3,NaN,21.0500004908483,NaN,NaN,3.48436490454325,-0.569259958869736,4.57029306876355,NaN,NaN,NaN,NaN
708752,1940,6,NaN,21.3100004954489,NaN,NaN,3.85445667215952,4.94061754941271,4.82046234329836,NaN,NaN,NaN,NaN
708844,1940,9,NaN,21.5700005000317,NaN,NaN,3.68090488035156,4.88033784210177,4.70873783714919,NaN,NaN,NaN,NaN
708936,1940,12,NaN,21.620000500911,NaN,NaN,3.61995305572877,0.927213717574489,2.56166981472231,NaN,NaN,NaN,NaN
709026,1941,3,NaN,21.9600005068732,NaN,NaN,3.21487328726059,6.29047174994986,4.32304035536994,NaN,NaN,NaN,NaN
709117,1941,6,NaN,22.1600005103666,NaN,NaN,3.06187017002708,3.64298722909047,3.98873765910656,NaN,NaN,NaN,NaN
709209,1941,9,NaN,22.2000005110641,NaN,NaN,2.98305336434194,0.722021656610821,2.92072321014297,NaN,NaN,NaN,NaN
709301,1941,12,NaN,22.4300005150668,NaN,NaN,3.06710321925368,4.14414412086199,3.74653096849651,NaN,NaN,NaN,NaN
709391,1942,3,NaN,22.4600005155879,NaN,NaN,2.86995877751561,0.534997767850484,2.27686701809569,NaN,NaN,NaN,NaN
709482,1942,6,NaN,22.7600005207867,NaN,NaN,2.78759589030868,5.34283167074017,2.70758121210046,NaN,NaN,NaN,NaN
709574,1942,9,NaN,23.1300005271682,NaN,NaN,2.44417905322714,6.50263616722776,4.18918916529101,NaN,NaN,NaN,NaN
709666,1942,12,NaN,23.3000005300891,NaN,NaN,2.78991677339473,2.93990486893819,3.87873381651467,NaN,NaN,NaN,NaN
709756,1943,3,NaN,23.3600005311183,NaN,NaN,2.88432405135714,1.03004291269019,4.00712375276132,NaN,NaN,NaN,NaN
709847,1943,6,NaN,23.3700005312898,NaN,NaN,3.22316528444697,0.171232875755209,2.68014058236061,NaN,NaN,NaN,NaN
709939,1943,9,NaN,23.5300005340299,NaN,NaN,2.84719929373696,2.73855368596753,1.72935580521001,NaN,NaN,NaN,NaN
710031,1943,12,NaN,23.6400005359101,NaN,NaN,2.55848443960147,1.86995324069261,1.45922745959588,NaN,NaN,NaN,NaN
710122,1944,3,NaN,23.7500005377875,NaN,NaN,2.46830310702467,1.861252104632,1.66952053853633,NaN,NaN,NaN,NaN
710213,1944,6,NaN,23.8700005398324,NaN,NaN,2.05458737055348,2.02105262025424,2.13949506707603,NaN,NaN,NaN,NaN
710305,1944,9,NaN,23.9100005405132,NaN,NaN,2.09936651345767,0.670297440741251,1.61495961691034,NaN,NaN,NaN,NaN
710397,1944,12,NaN,24.0000005420438,NaN,NaN,2.11245932595687,1.50564616471831,1.52284263101788,NaN,NaN,NaN,NaN
710487,1945,3,NaN,24.1500005445906,NaN,NaN,2.09745206687358,2.49999998598327,1.68421051682348,NaN,NaN,NaN,NaN
710578,1945,6,NaN,24.1900005452688,NaN,NaN,2.02966149613594,0.662525876210907,1.34059488143903,NaN,NaN,NaN,NaN
710670,1945,9,NaN,24.1700005449297,NaN,NaN,2.08763322826488,-0.33071516971097,1.0874111189415,NaN,NaN,NaN,NaN
710762,1945,12,NaN,24.340000547809,NaN,NaN,1.98640528452958,2.81340503179968,1.41666665869265,NaN,NaN,NaN,NaN
710852,1946,3,NaN,24.3600005481473,NaN,NaN,1.73216657079877,0.328677072935932,0.869565212509869,NaN,NaN,NaN,NaN
710943,1946,6,NaN,24.4400005494996,NaN,NaN,1.98253555705371,1.31362889248152,1.03348490531403,NaN,NaN,NaN,NaN
711035,1946,9,NaN,24.4700005500063,NaN,NaN,1.75095249926959,0.490998360592812,1.24120810224593,NaN,NaN,NaN,NaN
711127,1946,12,NaN,24.3200005474706,NaN,NaN,1.87678610023963,-2.45198200513596,-0.0821692682345372,NaN,NaN,NaN,NaN
711217,1947,3,NaN,24.4400005494996,NaN,NaN,1.68729104454294,1.97368419946781,0.328407223120379,NaN,NaN,NaN,NaN
711308,1947,6,NaN,24.6400005528739,NaN,NaN,1.41259710791353,3.27332240388847,0.818330600972118,NaN,NaN,NaN,NaN
711400,1947,9,NaN,24.8800005569111,NaN,NaN,1.47289939521895,3.89610387422204,1.6755210367361,NaN,NaN,NaN,NaN
711492,1947,12,NaN,26.8100005889167,NaN,NaN,1.64331626486069,31.0289387267637,10.2384867820452,NaN,NaN,NaN,NaN
711583,1948,3,NaN,26.9300005908804,NaN,NaN,1.7687524948736,1.79037671507325,10.1882159795281,NaN,NaN,NaN,NaN
711674,1948,6,NaN,27.2400005959396,NaN,NaN,5.73115252366297,4.60453023776279,10.5519479899627,NaN,NaN,NaN,NaN
711766,1948,9,NaN,27.2300005957768,NaN,NaN,4.72830028252682,-0.146842877299719,9.44533756536789,NaN,NaN,NaN,NaN
711858,1948,12,NaN,27.2700005964282,NaN,NaN,6.32396386634431,0.587587216691361,1.7157776852182,NaN,NaN,NaN,NaN
711948,1949,3,NaN,27.51000060033,NaN,NaN,3.9825023765611,3.52035201544101,2.15373188534558,NaN,NaN,NaN,NaN
712039,1949,6,NaN,27.51000060033,NaN,NaN,4.44123371873353,0,0.991189421745403,NaN,NaN,NaN,NaN
712131,1949,9,NaN,27.6600006027626,NaN,NaN,2.19684910706374,2.18102506956495,1.5791406447952,NaN,NaN,NaN,NaN
712223,1949,12,NaN,27.800000605029,NaN,NaN,1.99159858167673,2.024584225821,1.94352767513415,NaN,NaN,NaN,NaN
712313,1950,3,NaN,28.0700006093888,NaN,NaN,2.01645937071125,3.88489206451209,2.03562339817651,NaN,NaN,NaN,NaN
712404,1950,6,NaN,28.840000621743,NaN,NaN,1.93620163874942,10.9725685163913,4.83460557029949,NaN,NaN,NaN,NaN
712496,1950,9,NaN,29.6500006346149,NaN,NaN,2.36243377024455,11.234396607624,7.19450465830253,NaN,NaN,NaN,NaN
712588,1950,12,NaN,30.1900006431273,NaN,1.91,3.22054101774028,7.28499152721048,8.5971222520978,NaN,NaN,NaN,NaN
712678,1951,3,NaN,30.8500006534581,NaN,1.91658260353658,4.27449068072089,8.74461737358115,9.9038118408143,NaN,NaN,NaN,NaN
712769,1951,6,NaN,32.010000671425,NaN,1.92652440123827,4.76380947935551,15.0405185529473,10.9916781599934,NaN,NaN,NaN,NaN
712861,1951,9,NaN,32.9400006856594,NaN,1.93660553085969,5.14708352323728,11.6213682565098,11.0961213511867,NaN,NaN,NaN,NaN
712953,1951,12,NaN,33.8400006992948,NaN,1.94664322279391,6.18403492527582,10.9289616867221,12.0900959867931,NaN,NaN,NaN,NaN
713044,1952,3,NaN,34.4700007087598,NaN,1.95652293935816,6.23683440081204,7.44680846863082,11.734197661665,NaN,NaN,NaN,NaN
713135,1952,6,NaN,34.7400007127964,NaN,1.9661356202551,6.47947749734016,3.13315925134884,8.5285847675987,NaN,NaN,NaN,NaN
713227,1952,9,NaN,35.0700007177142,NaN,1.97598828497806,6.11648802041687,3.79965455551871,6.46630233065559,NaN,NaN,NaN,NaN
713319,1952,12,NaN,35.420000722911,NaN,1.98636889677352,5.50340697350953,3.9920159456405,4.66903070616398,NaN,NaN,NaN,NaN
713409,1953,3,NaN,35.9200007303016,NaN,1.99761082589686,4.49765167249685,5.64652735387637,4.20655640187826,NaN,NaN,NaN,NaN
713500,1953,6,NaN,36.1500007336882,NaN,2.00985918385025,3.75169396189105,2.56124720167429,4.05872191123005,NaN,NaN,NaN,NaN
713592,1953,9,NaN,36.5300007392655,NaN,2.02282240891037,3.56981550077079,4.204702604315,4.16310234294879,NaN,NaN,NaN,NaN
713684,1953,12,NaN,37.4200007522421,NaN,2.03574313496033,3.00521780556348,9.74541467249333,5.64652735322326,NaN,NaN,NaN,NaN
713774,1954,3,NaN,37.8200007580355,NaN,2.04821917808219,3.16032972174508,4.27578832445084,5.28953226365357,NaN,NaN,NaN,NaN
713865,1954,6,NaN,38.2800007646688,NaN,2.06063926940639,3.79055534898675,4.86515068655063,5.89211614868836,NaN,NaN,NaN,NaN
713957,1954,9,NaN,38.3100007651003,NaN,2.07324200913242,3.69389302111601,0.313479622071611,4.87270733592268,NaN,NaN,NaN,NaN
714049,1954,12,NaN,38.3200007652441,NaN,2.08579908675799,3.93863654746831,0.104411380256863,2.40513093241483,NaN,NaN,NaN,NaN
714139,1955,3,NaN,38.9500007742751,NaN,2.09835841277506,3.18979616666217,6.57620038047992,2.9878371062684,NaN,NaN,NaN,NaN
714230,1955,6,NaN,39.1800007775579,NaN,2.11119546832283,2.9001752853285,2.36200255415338,2.35109716538922,NaN,NaN,NaN,NaN
714322,1955,9,NaN,39.1500007771301,NaN,2.12404871690927,2.7840621938056,-0.306278711918196,2.19263898526214,NaN,NaN,NaN,NaN
714414,1955,12,NaN,39.2700007788404,NaN,2.13614954162737,2.55939808107179,1.22605363298362,2.47912315925088,NaN,NaN,NaN,NaN
714505,1956,3,NaN,39.8100007865113,NaN,2.14700594983857,2.29365570188799,5.50038194001655,2.20795890921836,NaN,NaN,NaN,NaN
714596,1956,6,NaN,40.2100007921671,NaN,2.15675183861898,2.05188043630894,4.01909065815732,2.62889227710068,NaN,NaN,NaN,NaN
714688,1956,9,NaN,40.9300008022915,NaN,2.16631888499588,2.67327834186769,7.16239737318983,4.546615555117,NaN,NaN,NaN,NaN
714780,1956,12,NaN,41.0400008038321,NaN,2.17641293385644,2.4787379805289,1.07500610197286,4.50725742268231,NaN,NaN,NaN,NaN
714870,1957,3,NaN,40.9300008022915,NaN,2.18761082589686,3.25559385932442,-1.07212475035118,2.81336346056969,NaN,NaN,NaN,NaN
714961,1957,6,NaN,41.4000008088623,NaN,2.19985918385025,2.96267566826138,4.59320789013458,2.95946280341037,NaN,NaN,NaN,NaN
715053,1957,9,NaN,41.4500008095595,NaN,2.21282240891037,2.77157785255057,0.483091784737894,1.27046175684143,NaN,NaN,NaN,NaN
715145,1957,12,NaN,41.750000813736,11667.4013961988,2.22574313496033,2.67813053567166,2.8950542660283,1.73001948342466,NaN,NaN,NaN,NaN
715235,1958,3,NaN,42.0300008176231,11778.5486120791,2.23835679598502,2.19720435814114,2.68263471549466,2.68751525475182,3.81052171279777,NaN,NaN,NaN
715326,1958,6,NaN,42.3900008226056,11853.9470078381,2.25118900975383,2.27127392392076,3.42612417777104,2.39130433430195,2.56053265108108,NaN,NaN,NaN
715418,1958,9,NaN,44.0600008454975,11919.2672405856,2.26403934943717,2.07313535782117,15.7584335030374,6.29674302765272,2.2041682050492,NaN,NaN,NaN
715510,1958,12,NaN,44.3900008499787,12001.7482170053,2.27614547215351,2.4963031445372,2.99591464501736,6.32335325697562,2.76798815748896,2.86564942314813,NaN,NaN
715600,1959,3,NaN,44.770000855122,12124.5048932718,2.28694767252681,4.05656519450029,3.42419461921162,6.5191529483624,4.09129316985872,2.93717241900164,NaN,NaN
715691,1959,6,NaN,44.8700008564725,12222.117079625,2.29669401350563,3.71117164348044,0.893455433910617,5.8504363900467,3.22032733583529,3.10588592595774,NaN,NaN
715783,1959,9,NaN,45.0200008610507,12318.9349116457,2.30629559382416,4.34909552279712,1.33719636028565,2.17884702027034,3.16861085161941,3.3531228303965,NaN,NaN
715875,1959,12,NaN,44.8700008571455,12475.0443659393,2.31640991139905,3.25671784781884,-1.33274101320535,1.08132461810264,5.06892699452737,3.94356005788707,NaN,NaN
715966,1960,3,NaN,44.9700008590548,12682.462533088,2.32768962295056,3.43605900742203,0.891464229989026,0.446727719706928,6.65065906186317,4.60190040523487,NaN,NaN
716057,1960,6,NaN,45.0800008604774,12870.2061300572,2.33995174060029,1.78669280525424,0.978430058450215,0.468018720741028,5.92136098109739,5.30259239221793,NaN,NaN
716149,1960,9,NaN,45.1800008603703,13059.7817633836,2.35286972834209,1.79290733851817,0.887311428430962,0.355397592757711,5.89192220888089,6.01388721550551,NaN,NaN
716241,1960,12,NaN,45.57000086532,13230.5813376321,2.36575192628123,1.46739152827497,3.45285522375229,1.56006239091259,5.23131480580918,6.05638705186209,NaN,NaN
716331,1961,3,NaN,45.640000864748,13402.2510651559,2.37809918198857,1.58417898899592,0.614439307428427,1.48988212785031,5.19008872378208,5.675463500799,NaN,NaN
716422,1961,6,NaN,45.7100008656066,13520.3914273014,2.39017999336096,1.86984919613861,0.613496928416623,1.39751551265293,3.52598564438529,5.0518638992564,NaN,NaN
716514,1961,9,NaN,46.1600008700048,13595.6727774222,2.4025845360291,1.89146754150144,3.93786913915113,2.16910135230657,2.2271943981977,4.103368829188,NaN,NaN
716606,1961,12,NaN,46.5400008725272,13669.1401545343,2.4155149999615,1.94071991722429,3.29289424055787,2.12859334822923,2.16149294896422,3.3147358057106,NaN,NaN
716696,1962,3,NaN,46.9400008760321,13779.4283205304,2.42940777395332,2.15891351669716,3.43790284491394,2.84837858600527,3.22736221149961,2.81428286592124,NaN,NaN
716787,1962,6,NaN,47.1900008774868,13869.4014743955,2.44454985981216,2.38125827440393,2.13037918013629,3.2378035087585,2.61181093358135,2.58136052473577,NaN,NaN
716879,1962,9,NaN,47.3200008789132,13946.0055986744,2.46026606683933,2.55566459107388,1.101928366256,2.51299823883279,2.20929863254139,2.57679650715012,NaN,NaN
716971,1962,12,NaN,47.5300008808627,14090.3083340409,2.47524469499463,2.53389243847698,1.77514791250235,2.12720238456183,4.13889796172714,3.08116073685063,NaN,NaN
717061,1963,3,NaN,47.7900008843123,14290.7318323101,2.48871283456907,2.53826585418895,2.18809172001755,1.81082231021905,5.68968381720873,3.71062935185695,NaN,NaN
717152,1963,6,NaN,48.0700008881398,14518.1008846111,2.50127687512654,2.32661358599003,2.34358651304694,1.86480185270095,6.36409821327595,4.67719830169403,NaN,NaN
717244,1963,9,NaN,48.2300008911414,14711.4864436301,2.51359114421065,2.23471919531381,1.33139172078609,1.92307691319957,5.32812274982791,5.48888955722508,NaN,NaN
717336,1963,12,NaN,48.6200008971042,14950.0774548779,2.52584859664068,2.21981349368975,3.2345013373984,2.29328844107042,6.48720337437209,6.10184745751756,NaN,NaN
717427,1964,3,4.53331123388715,48.9900009017546,15220.6919739081,2.53829350842523,2.08530449453898,3.04401479081349,2.51098555186712,7.24048473586708,6.50743539596415,2.44800673934817,2.02232568202003
717518,1964,6,4.53331123388715,49.4800009074486,15447.4936675015,2.55072216967847,2.34700590572751,4.0008164660108,2.9332223699974,5.96035171021578,6.40161402842676,2.18630532815964,1.60008886388975
717610,1964,9,4.53331123388715,50.070000913997,15625.8646603456,2.56328306212424,2.37721242907728,4.76960384582037,3.81505284855513,4.61876849884942,6.21540331916242,2.15609880480987,0.718258385332022
717702,1964,12,4.53331123388715,50.8800009240403,15868.7185183443,2.57580698379198,2.6642471647088,6.47094064515431,4.64829285322101,6.21671474257755,6.14472444199035,1.86906406917835,-0.11498161933386
717792,1965,3,4.53331123388715,51.1000009263103,16114.526849366,2.58834939635734,2.82119945451673,1.72955973486319,4.30700139970848,6.19604741838498,5.87249828713499,1.71211177937042,0.226309834178665
717883,1965,6,4.53331123388715,51.1800009281749,16347.1234626878,2.6011795212654,3.42811569124032,0.626223095220382,3.43573158760874,5.77358840246643,5.82379131883994,1.10519554264683,1.09757964627841
717975,1965,9,4.53331123388715,51.7500009344538,16548.7598022541,2.6140342456741,3.11918206232208,4.45486514999294,3.35530255600034,4.93386717305953,5.90620206925611,1.41412917156507,1.17800867788681
718067,1965,12,4.53331123388715,52.1600009385262,16833.2864453099,2.62614479158971,2.88036460114531,3.16908209985735,2.51572325322256,6.87729223109812,6.07842357182524,1.65294663274184,2.01758798066459
718157,1966,3,4.53331123388715,52.5500009430682,17146.6130214937,2.63719792271969,2.86211092991378,2.99079752702926,2.83757336687496,7.44540472715619,6.40469423505475,1.67120030397336,1.69573786701218
718248,1966,6,4.53331123388715,52.8100009451005,17410.2875240838,2.64769368451615,2.72526295254464,1.9790675346627,3.18483780258828,6.15105740730445,6.50367670998892,1.80804828134251,1.34847343129887
718340,1966,9,4.53331123388715,53.0600009484234,17580.9520937965,2.65774551102941,2.64784102732862,1.89358075249999,2.53140094746823,3.92100519825834,6.23727882860359,1.88547020655853,2.00191028641892
718432,1966,12,4.53331123388715,53.4600009519843,17677.0740444714,2.66703979319683,2.4836061456671,3.01545417573396,2.4923312693,2.18695665995921,5.01261356124876,2.04970508822005,2.04097996458715
718522,1967,3,4.53331123388715,54.7400009642653,17673.6038542152,2.67529024600956,2.58696779563761,9.57725394304185,4.16745952786897,-0.0785240871306314,3.07343982196917,1.94634343824954,0.365851706018177
718613,1967,6,4.53331123388715,56.170000978619,17529.0358841714,2.68255846623244,2.38670205672343,10.4493970709804,6.36243130730372,-3.27195225685347,0.682058581303352,2.14660917716372,-1.82912007341657
718705,1967,9,4.53331123388715,56.7800009821261,17331.0761422966,2.68965613542267,3.20300730101504,4.34395579761036,7.01093095968605,-4.51729902734763,-1.42128793802983,1.33030393287211,-2.4776197257989
718797,1967,12,4.53331123388715,57.0200009854079,17191.4550895484,2.69725754691809,3.97513175074781,1.69073616858452,6.65918438090027,-3.22244392908624,-2.74716818915446,0.55817948313934,-2.12587314701312
718888,1968,3,4.53331123388715,57.44000099854,17136.5503976802,2.70615751221805,4.19760826015332,2.94633466063658,4.93240772143449,-1.27748795159562,-3.03873200375568,0.335702973733827,-0.399096487547339
718979,1968,6,4.53331123388715,58.1500010066743,17127.4484305946,2.71635383733415,3.94601563214138,4.94428966428683,3.52501334085618,-0.21245739368328,-2.29098426308411,0.587295601745769,1.00829789303097
719071,1968,9,4.53331123388715,58.8600010149014,17176.9488460169,2.72702198163525,3.68119974342348,4.88392086628221,3.6632617062301,1.15604879787901,-0.889311748527263,0.852111490463672,0.870049527657046
719163,1968,12,4.53331123388715,59.9400010283356,17371.5270610886,2.73694478183875,3.41028610043874,7.33944950602876,5.12101015865444,4.53114733742188,1.04745043745407,1.12302513344841,-0.587698924767294
719253,1969,3,4.53331123388715,60.5500010343198,17700.7418964688,2.74520498226687,3.03851216708434,4.07073737416744,5.41434537206705,7.58056178302553,3.29232830234616,1.49479906680281,-0.881034138179898
719344,1969,6,4.53331123388715,61.1900010422726,18053.7969328434,2.75223031738214,3.49992885631202,4.22791079782218,5.22785895609768,7.97831047850053,5.40856103582841,1.03338237757513,-0.694547722210529
719436,1969,9,4.53331123388715,61.8800010511652,18399.960915066,2.75918556229173,3.49553073339325,4.51054091936288,5.13081886542825,7.6696106311652,7.12007749462802,1.03778050049389,-0.597507631541105
719528,1969,12,4.53331123388715,62.3000010553477,18688.610803446,2.7670540711185,3.71565209370022,2.71493210761389,3.93727058145438,6.27501090273938,7.58185355683329,0.81765914018693,0.596040652432763
719618,1970,3,4.53331123388715,63.4100010669133,18846.2389186241,2.77686628005117,3.52091693109964,7.1268057320226,4.72336908957693,3.37377918211052,6.47146333670794,1.01239430278751,-0.190057855689786
719709,1970,6,4.53331123388715,64.3900010782062,18876.0304275366,2.78890445815993,3.27714848715285,6.18199018958376,5.22961265145739,0.632306722655585,4.55435218282227,1.2561627467343,-0.696301417570239
719801,1970,9,4.53331123388715,65.6600010929535,18870.7363786644,2.80230887150604,3.48422024515212,7.88942378307917,6.10859724883129,-0.112185639719371,2.55856773702712,1.04909098873503,-1.57528601494414
719893,1970,12,4.53331123388715,68.4700011196239,18899.0759284508,2.81567465706297,3.49760155083406,17.1184890642472,9.90369174921004,0.600708932979387,1.12616784210647,1.03570968305308,-5.37038051532289
719983,1971,3,4.53331123388715,69.9300011321388,18997.9302227517,2.82810831726482,3.97639797252698,8.52928283125982,10.2822897895006,2.09225667276309,0.804889000838017,0.556913261360165,-5.74897855561342
720074,1971,6,4.53331123388715,71.5200011476565,19150.8114095618,2.84019641522095,5.37260107782047,9.0948090363292,11.0731479267882,3.21890195442398,1.45571381165142,-0.839289843933324,-6.539836692901
720166,1971,9,4.53331123388715,72.9900011623154,19321.9108945087,2.85259969591524,5.54010305698629,8.22147646012485,11.1635698253873,3.57372815778348,2.3908686274392,-1.00679182309914,-6.63025859150018
720258,1971,12,4.53331123388715,74.6800011771578,19496.9383684601,2.86552004916708,6.11094162854539,9.2615426109349,9.06966548267529,3.62339884304441,3.16344800281603,-1.57763039465824,-4.53635424878814
720349,1972,3,4.53331123388715,75.8800011894964,19726.1995971549,2.87935931529617,5.65017498296554,6.42742363911816,8.50850845278066,4.70353292116226,3.83341430284344,-1.11686374907839,-3.97519721889351
720440,1972,6,4.53331123388715,76.8200011993938,19936.23261661,2.89411019627495,6.05189320275062,4.95519238356331,7.41051449481276,4.25896571553295,4.10124244999909,-1.51858196886348,-2.87720326092561
720532,1972,9,4.53331123388715,77.7300012107624,20146.235457884,2.90953386340408,5.0457349931145,4.73834937339575,6.49404024245202,4.21349099024837,4.2662683203325,-0.512423759227354,-1.96072900856487
720624,1972,12,4.53331123388715,78.730001224232,20426.304873151,2.9249143250813,4.76182613414742,5.14601825752311,5.42313870277896,5.56072951400716,4.76673048417835,-0.228514900260269,-0.889827468891808
720714,1973,3,4.53331123388715,80.470001250163,20814.2447871726,2.93998924990456,4.24969900011429,8.84034039819312,6.04902476108806,7.5968691631852,5.51573649378778,0.283612233772853,-1.51571352720091
720805,1973,6,4.53331123388715,82.6200012700619,21190.2028540536,2.95529548216995,3.96304979347309,10.6872125587029,7.55011713110187,7.22501480548993,6.28990572872262,0.57026144041406,-3.01680589721472
720897,1973,9,4.53331123388715,84.6100012936329,21559.8949112527,2.97066712965152,4.09131411452039,9.63447103839286,8.85115139033081,6.97854682647971,7.01699062499286,0.441997119366758,-4.31784015644366
720989,1973,12,4.53331123388715,86.6900013131296,21955.5718578332,2.98529817491227,4.54957896015685,9.83335297338277,10.1105042107475,7.34098098732431,7.48675295986787,-0.016267726269704,-5.57719297686033
721079,1974,3,4.53331123388715,88.8600013310661,22346.7235427212,2.99884875890539,5.02936501719805,10.0126888225475,10.4262457444489,7.12623997991494,7.362644050833,-0.496053783310898,-5.89293451056177
721170,1974,6,4.53331123388715,90.8200013440352,22667.1784030712,3.01181985020709,5.44853944162591,8.8228673581346,9.9249575743406,5.7360509201697,6.97008688019716,-0.915228207738764,-5.39164634045345
721262,1974,9,4.53331123388715,94.3200013678117,22895.9542126906,3.0243786722104,5.77785875582138,15.4151066812614,11.4761847603346,4.03712902508329,6.19696574096305,-1.24454752193423,-6.94287352644748
721354,1974,12,4.53331123388715,97.5300013920249,23056.4165642833,3.03619071931533,5.66147963587913,13.6132314574314,12.50432566005,2.80333110561031,5.01396508174908,-1.12816840199199,-7.97101442616285
721444,1975,3,4.53331123388715,100.710001416656,23093.345154458,3.04719919450746,6.35879053187538,13.0421407945999,13.3355839613822,0.640664867790974,3.34107866108199,-1.82547929798823,-8.80227272749502
721535,1975,6,4.53331123388715,104.340001449445,23107.8191439745,3.05769876490931,6.54141526349234,14.4176347203921,14.8865887528389,0.250704078073568,1.94395938068581,-2.0081040296052,-10.3532775189517
721627,1975,9,4.53331123388715,108.230001485294,23047.4410474743,3.06775287960304,7.06784068675413,14.9127850558239,14.7476674255325,-1.04515438906657,0.66163145408315,-2.53452945286698,-10.2143561916453
721719,1975,12,4.53331123388715,112.780001533417,23046.9800345392,3.07704299429714,7.25472220823987,16.8160398620747,15.6362144199038,-0.00800111273315451,-0.0409279981466,-2.72141097435272,-11.1029031860166
721810,1976,3,4.53331123388715,118.120001574776,23095.0415218847,3.08581961460956,7.74462500580205,18.9395281743322,17.28726036463,0.834148114389961,0.00734569814511588,-3.21131377191491,-12.7539491307429
721901,1976,6,4.53331123388715,122.840001619555,23198.9478981841,3.09452046693421,7.98106071079773,15.9837452822645,17.7304963706316,1.79963090693718,0.394363283016347,-3.44774947691058,-13.1971851367445
721993,1976,9,4.53331123388715,126.780001657055,23197.695872152,3.10244362778143,8.52479227246044,12.8296971200062,17.1394252214635,-0.0215876347091353,0.651937125549878,-3.9914810385733,-12.6061139875764
722085,1976,12,4.53331123388715,130.360001687704,23170.9653613507,3.10846100369156,8.74167332244206,11.2951569138877,15.5878701146121,-0.460916652216383,0.537967779837786,-4.20836208855491,-11.0545588807249
722175,1977,3,4.53331123388715,134.350001722578,23027.8446518732,3.11218351456589,8.55281548319646,12.2430192795882,13.7402640801084,-2.47069049123269,-0.290957996103927,-4.01950424930931,-9.20695284622127
722266,1977,6,4.53331123388715,140.100001760147,22828.0766374633,3.11481988024951,8.01526955815486,17.1194639786975,14.0507977149392,-3.47002539629727,-1.59865551812331,-3.48195832426771,-9.51748648105203
722358,1977,9,4.53331123388715,145.020001791967,22586.6174742289,3.11702063589169,7.55350621998329,14.0471091220762,14.3871272255157,-4.23091558818538,-2.63422023157322,-3.02019498609614,-9.85381599162857
722450,1977,12,4.53331123388715,150.290001818568,22396.8292204705,3.11920945308581,7.66736663992994,14.5359259729183,15.2884319368218,-3.36107438796438,-3.34097491756408,-3.13405540604279,-10.7551207029346
722540,1978,3,4.53331123388715,154.080001845712,22316.5393638164,3.12164383561644,7.44266343173327,10.0871647648785,14.6855227913397,-1.43395041974361,-3.08889215994839,-2.90935219784612,-10.1522115574526
722631,1978,6,4.53331123388715,157.340001867655,22313.3929797215,3.12412785388128,7.85688084080867,8.46313598881403,12.305495996369,-0.0563955556670521,-2.25460806845706,-3.32356960692152,-7.7721847624819
722723,1978,9,4.53331123388715,161.080001891748,22361.5746709432,3.12664840182648,7.34988644539307,9.50807164026497,11.0743345065043,0.863726843614188,-0.996354604856165,-2.81657521150592,-6.54102327261714
722815,1978,12,4.53331123388715,165.420001924566,22468.2751056838,3.1291598173516,7.04979847912762,10.777253493541,10.0672033554589,1.90863901689812,0.319000000000116,-2.51648724524047,-5.5338921215718
722905,1979,3,4.53331123388715,170.110001956383,22598.6001734053,3.13164417432974,6.27278426766706,11.3408293489344,10.403686343879,2.32016150965723,1.26390926922208,-1.73947303377991,-5.8703751099919
722996,1979,6,4.53331123388715,176.940002011602,22735.2001226558,3.13412920693466,6.08306843516255,16.0601962886803,12.4570992190741,2.41784797646466,1.89037652551403,-1.5497572012754,-7.9237879851869
723088,1979,9,4.53331123388715,185.520002058329,22857.1520228333,3.13665036428749,5.86917366551811,19.3964054463261,15.1725849761324,2.14560504450458,2.2162005993882,-1.33586243163096,-10.6392737422452
723180,1979,12,4.53331123388715,192.710002114589,22960.7796960004,3.13916066989577,6.5384271482192,15.5023716612496,16.4974004790951,1.81348355321956,2.19200000000004,-2.00511591433205,-11.9640892452079
723271,1980,3,4.53331123388715,201.400002175723,23013.1426223801,3.14165870168505,7.59647262102606,18.037465550889,18.3939802830419,0.912215126367414,1.83437224338635,-3.06316138713891,-13.8606690491547
723362,1980,6,4.53331123388715,208.710002216902,23051.6730571209,3.14414443393569,8.05720873800347,14.5183713251426,17.9552389759875,0.669711831591542,1.39199537614674,-3.52389750411632,-13.4219277421004
723454,1980,9,4.53331123388715,215.830002258061,23114.7861616497,3.14665661242485,8.83917345758708,13.6457284567704,16.33786107344,1.0951587656557,1.12714890533636,-4.30586222369994,-11.8045498395528
723546,1980,12,4.53331123388715,223.790002301887,23255.5961072971,3.1491613967584,8.70773255778792,14.7523513145471,16.1278604360235,2.43670773612428,1.28400000000019,-4.17442132390078,-11.5945492021363
723636,1981,3,4.53331123388715,232.060002336779,23499.3328124434,3.15151849957836,8.65673380757904,14.7817149109923,15.2234358638714,4.19231059950869,2.11266317704239,-4.12342257369189,-10.6901246299843
723727,1981,6,4.53331123388715,240.200002376392,23808.8805888723,3.15363118987089,8.1366515972635,14.0308540164535,15.0879209549165,5.26904791552215,3.28482678838576,-3.60334036337635,-10.5546097210293
723819,1981,9,4.53331123388715,249.160002423586,24095.9337709148,3.15592977479959,8.12562553309587,14.9208991815973,15.442709455043,4.82262374278361,4.24467525852741,-3.59231429920872,-10.9093982211558
723911,1981,12,4.53331123388715,258.950002459371,24338.3766620529,3.15884793438288,7.8319496347023,15.716808381051,15.7111576906163,4.02462744864806,4.65600000000002,-3.29863840081515,-11.1778464567291
724001,1982,3,4.53331123388715,268.690002495746,24455.2706988124,3.16330802921209,7.87079687473757,15.0453754684226,15.7847107601969,1.92114763252579,4.0679362856755,-3.33748564085042,-11.2513995263097
724092,1982,6,4.53331123388715,280.920002531279,24506.6101800454,3.17030178814808,8.04436199772318,18.2068553677971,16.9525394471389,0.839728692685242,2.93054345234177,-3.51105076383603,-12.4192282132517
724184,1982,9,4.53331123388715,290.640002557417,24517.3390487458,3.1788254403278,8.04786865588722,13.8402391265192,16.6479369603281,0.175117955875407,1.7488646916006,-3.51455742200007,-12.1146257264409
724276,1982,12,4.53331123388715,298.640002566095,24564.72356501,3.18733013642077,8.5331536781946,11.0101843356514,15.3272831549604,0.773077635709171,0.930000000000192,-3.99984244430745,-10.7939719210733
724366,1983,3,4.53331123388715,302.510002573064,24688.320373162,3.19508105536597,8.31693535603162,5.18349849144772,12.5869960784466,2.01259025488099,0.952962971539932,-3.78362412214447,-8.05368484455941
724457,1983,6,4.53331123388715,304.190002580889,24881.0413744851,3.20298096105059,8.11875467571453,2.22141415957981,8.28349702403966,3.12246436225979,1.5278783629757,-3.58544344182738,-3.75018579015251
724549,1983,9,4.53331123388715,306.440002583116,25129.9511887309,3.2108116702155,6.80714474999099,2.95867712039984,5.43627851867265,4.00159801190813,2.49868935110433,-2.27383351610384,-0.902967284785503
724641,1983,12,4.53331123388715,309.450002592277,25422.5237119001,3.21785586690365,5.6071856347432,3.92899097218179,3.61974281184546,4.6569533059876,3.49199999999983,-1.07387440085605,0.913568422041693
724732,1984,3,4.53331123388715,312.800002603475,25762.5790675923,3.22365140508518,4.21636771436073,4.33026334869623,3.40154042606441,5.3504578781542,4.35128302854572,0.316943519526413,1.13177080782273
724823,1984,6,4.53331123388715,318.530002610547,26095.2732728887,3.22844554775984,3.45260218566229,7.32736567695775,4.71415888358946,5.165541919129,4.88014902643403,1.08070904822486,-0.180847649702314
724915,1984,9,4.53331123388715,328.100002655036,26395.2569776253,3.2330364390522,2.98866807303834,12.0177062958675,7.06826781403829,4.59828416586527,5.03505072250896,1.54464316084881,-2.53495658015115
725007,1984,12,4.53331123388715,338.630002706674,26641.0252734115,3.23811342262852,3.25796819213392,12.8375494866541,9.42963317820507,3.7244311884449,4.79300000000009,1.27534304175323,-4.89632194431792
725097,1985,3,4.53331123388715,354.350002740812,26802.3091290068,3.24442671825011,4.23771174448894,18.5689394424442,13.2832480151889,2.42158631569225,4.03581512039813,0.295599489398208,-8.7499367813018
725188,1985,6,4.53331123388715,371.5600027658,26897.5435084633,3.2521394107474,5.10746936960637,19.4271199569608,16.6483532856055,1.42128618841309,3.07438909409008,-0.574158135719219,-12.1150420517183
725280,1985,9,4.53331123388715,381.880002760755,26973.6811283585,3.26035565085815,6.65486844314269,11.1099148650403,16.3913440019881,1.13226131406662,2.19139427671998,-2.12155720925554,-11.858032768101
725372,1985,12,4.53331123388715,390.380002733813,27071.2778315771,3.26779345184929,7.93869243896624,8.90332032220442,15.2821662621446,1.44728786188534,1.61499999999999,-3.4053812050791,-10.7488550282575
725462,1986,3,4.53331123388715,399.920002746455,27234.2885769436,3.2737205986028,8.13606796492765,9.77509088153425,12.8601664041682,2.40861545407176,1.61172474303469,-3.6027567310405,-8.32685517028106
725553,1986,6,4.53331123388715,410.340002724383,27443.5099166878,3.27881084736143,7.70139048776137,10.4220843232338,10.4370760226922,3.07291066778748,2.0298002605803,-3.16807925387422,-5.90376478880506
725645,1986,9,4.53331123388715,424.23000270417,27644.554197058,3.28359540769341,7.10917615281244,13.5399911171872,11.089871068726,2.9302998192361,2.48713946571502,-2.57586491892529,-6.55655983483888
725737,1986,12,4.53331123388715,461.550002615311,27803.8266096996,3.2883594522056,6.5269497937188,35.1884587825021,18.2309542966078,2.30457559932029,2.70600000000007,-1.99363855983165,-13.6976430627207
725827,1987,3,4.53331123388715,472.830002615356,27903.8237422516,3.29328834865948,5.99388809510198,9.77575555075515,18.2311460712619,1.43860964112281,2.45842722645916,-1.46057686121483,-13.6978348373747
725918,1987,6,4.53331123388715,488.230002586869,27976,3.29825841386931,9.14546078182179,13.0279380634321,18.9818197946454,1.03464325771336,1.9403133379392,-4.61214954793464,-14.4485085607582
726010,1987,9,4.53331123388715,496.250002577307,28127,3.30330072857497,8.17279717604956,6.57067361525907,16.9766398920538,2.15899342293397,1.74517483444649,-3.63948594216241,-12.4433286581666
726102,1987,12,4.53331123388715,505.680002558417,28257,3.30832133979154,9.54485050556364,7.60100750197256,9.56126090197147,1.84875742169447,1.62989575737866,-5.01153927167649,-5.02794966808432
726193,1988,3,4.53331123388715,515.240002536561,28148,3.31321673088657,7.40016108468645,7.56209454973578,8.96939696859837,-1.542980500407,0.875063790553639,-2.8668498507993,-4.43608573471123
726284,1988,6,4.53331123388715,519.280002544644,28018,3.3178909961831,7.64161303699421,3.13640244406025,6.35970747255554,-1.8473781440955,0.150128681727196,-3.10830180310706,-1.82639623866839
726376,1988,9,4.53331123388715,524.130002549648,28083,3.32273892315216,5.20616815390095,3.73594205918755,5.61813598539929,0.927974873295739,-0.156433320297225,-0.672856920013805,-1.08482475151214
726468,1988,12,4.53331123388715,529.470002554364,27839,3.32807379246623,4.64534418803351,4.07532480776877,4.70455621649748,-3.47541217106431,-1.47927947057366,-0.112032954146364,-0.171244982610331
726558,1989,3,4.53331123388715,535.970002566537,28195,3.33417192853287,3.90428319257041,4.91057093381261,4.02336773696162,5.11512626171918,0.166974563024013,0.629028041316736,0.509943496925531
726649,1989,6,4.53331123388715,542.440002571643,28359,3.34112160576128,3.50920146899829,4.82862844869993,4.46002155166919,2.32665366199683,1.21707473766864,1.02410976488885,0.0732896822179621
726741,1989,9,4.53331123388715,561.390002528039,28040,3.34887943223679,3.45280109006206,13.9738956320005,7.10892332000429,-4.49945343629889,-0.153117544421889,1.08051014382509,-2.57561208611715
726833,1989,12,4.53331123388715,567.660002529181,27985,3.35715214403131,3.10198662418501,4.46748247949313,7.2128732110551,-0.784593437945773,0.524444125148179,1.43132460970213,-2.67956197716795
726923,1990,3,4.53331123388715,573.780002518579,27935,3.36584678047217,5.42453504209008,4.31244051871255,7.05449927626276,-0.714668572449511,-0.922149317254821,-0.891223808202934,-2.52118804237561
727014,1990,6,4.53331123388715,583.790002488106,27928,3.37527856667735,4.67452079072699,6.97828430798467,7.62296285680021,-0.100232683014156,-1.51979971085017,-0.141209556839843,-3.08965162291307
727106,1990,9,4.53331123388715,589.180002450066,28182,3.38552915786151,4.19159085603674,3.69310878157415,4.95021282831607,3.63792609567463,0.506419400855918,0.341720377850407,-0.41690159442892
727198,1990,12,4.53331123388715,595.340002454126,28513,3.39630527894369,5.25566440303768,4.18208355914595,4.87615822880217,4.69803420623094,1.88672503126675,-0.722353169150529,-0.34284699491502
727288,1991,3,4.53331123388715,599.890002417114,27823,3.40761958363492,5.24974770427941,3.0570765910112,4.55052455364881,-9.67979518114544,-0.400930732056565,-0.716436470392259,-0.0172133197616651
727379,1991,6,4.53331123388715,600.290002412775,27635,3.41987500745263,5.43309103463622,0.26671556055237,2.82635876845201,-2.70279984185743,-1.0491263248353,-0.899779800749071,1.70695246543514
727471,1991,9,4.53331123388715,601.640002404664,27724,3.43283709360348,5.71400779189534,0.899565201128439,2.11480360887748,1.2882214582956,-1.62515080547867,-1.18069655800819,2.41850762500967
727563,1991,12,4.53331123388715,601.230002420122,27904,3.44574804739218,5.28217808440832,-0.27258824739306,0.989350613383252,2.59702784590968,-2.13586784975274,-0.74886685052117,3.5439606205039
727654,1992,3,4.53331123388715,604.770002421297,27989,3.45817909649498,3.254600306129,2.35517188891191,0.813482469206207,1.2184633027523,0.59662868849513,1.27871092775815,3.71982876468094
727745,1992,6,4.53331123388715,606.140002425074,27991,3.47026999778151,3.50749077013193,0.906129601859448,0.974528975792694,0.0285826574726116,1.28822145829564,1.02582046375522,3.55878225809445
727837,1992,9,4.53331123388715,607.310002431585,27776,3.48263038163541,3.43798544272129,0.772098856257685,0.94242404166252,-3.07241613375726,0.18756312220458,1.09532579116586,3.59088719222463
727929,1992,12,4.53331123388715,609.230002440884,28126,3.49552399990372,2.5698358799016,1.2645930425067,1.33060558996725,5.04032258064518,0.795584862385311,1.96347535398555,3.2027056439199
728019,1993,3,4.53331123388715,610.630002448589,28588,3.5092640971281,2.29546536212928,0.919193081165474,0.968963408209774,6.57043305126928,2.14012647825932,2.23784587175787,3.56434782567737
728110,1993,6,4.53331123388715,614.140002442805,29219,3.52399913695135,2.21396162300071,2.2992646808321,1.31982710029446,8.82887925003502,4.38712443285341,2.31934961088643,3.21348413359269
728202,1993,9,4.53331123388715,616.28000244655,29811,3.53947731878624,1.86611257096065,1.39381899582014,1.47700515042573,8.10431568499945,7.32646889400921,2.66719866292649,3.05630608346142
728294,1993,12,4.53331123388715,617.920002446786,30089,3.55490382013097,1.65035321931855,1.06445121939726,1.42639068514114,3.73016671698372,6.97930740240346,2.8829580145686,3.106920548746
728384,1994,3,4.53331123388715,618.890002442646,30545,3.56999812945777,1.90147816707433,0.627912993280177,1.35270130208713,6.06201601914319,6.84552959283616,2.63183306681282,3.18060993180002
728475,1994,6,4.53331123388715,621.190002441973,30746,3.58530686835607,1.90553393321964,1.48653233385511,1.14794671754406,2.63218202651825,5.22605154180499,2.62777730066751,3.38536451634309
728567,1994,9,4.53331123388715,628.730002405717,31272,3.60067325416721,1.22404209439868,4.8551972402027,2.02018561526292,6.84316659077604,4.90087551574922,3.30926913948846,2.51312561862423
728659,1994,12,4.53331123388715,635.160002369562,31688,3.61529899158882,1.67598415890908,4.09078614937499,2.79000515511882,5.3210539779995,5.31423443783443,2.85732707497807,1.74330607876833
728749,1995,3,4.53331123388715,643.720002324842,32074,3.62871283456907,2.38511820647782,5.39076763231031,4.0120214875335,4.87250694269125,5.0057292519234,2.14819302740933,0.521289746353646
728840,1995,6,4.53331123388715,649.690002292895,32486,3.64127687512654,2.21042205331704,3.70968740849611,4.58796821244481,5.1381181018894,5.65927275092695,2.32288918057011,-0.0546569785576585
728932,1995,9,4.53331123388715,650.870002288004,32787,3.65359114421065,1.75560173752872,0.726500325351253,3.52138434583556,3.70621190666742,4.84458940905603,2.77770949635842,1.01192688805159
729024,1995,12,4.53331123388715,653.710002271852,33007,3.66584859664068,1.65083459696929,1.74535619946522,2.92052393618721,2.68399060603286,4.16245897500632,2.88247663691786,1.61278729769994
729115,1996,3,4.53331123388715,658.080002261298,33470,3.67860823907719,1.10718016177543,2.67396856358852,2.23078355256847,5.61093101463325,4.35243499407621,3.42613107211172,2.30252768131868
729206,1996,6,4.53331123388715,662.690002228048,33762,3.6919660290874,1.18346935590296,2.80209090135503,2.00095428423906,3.48969226172693,3.92784584128547,3.34984187798419,2.53235694964809
729298,1996,9,4.53331123388715,666.140002202525,33980,3.7050784916335,1.41479133821105,2.08242162270602,2.34609059579374,2.58278538001309,3.63863726476959,3.1185198956761,2.18722063809341
729390,1996,12,4.53331123388715,670.480002175214,34424,3.71658543148932,0.875566876489486,2.60605876142506,2.56535770373422,5.226603884638,4.29302875147697,3.65774435739766,1.96795353015293
729480,1997,3,4.53331123388715,669.930002189432,34297,3.72573862026801,2.07500095312241,-0.328123126117077,1.80069290776433,-1.4757146177086,2.47086943531521,2.45831028076474,2.73261832612282
729571,1997,6,4.53331123388715,670.210002183927,34968,3.73341851727525,2.31349205224637,0.167181642010405,1.13476888599438,7.82575735487069,3.57206326639417,2.21981918164078,3.39854234789277
729663,1997,9,4.53331123388715,672.680002173752,34886,3.74050189776702,1.77892347764804,1.47416480313706,0.981775595160713,-0.938000457561202,2.66627427898764,2.75438775623911,3.55153563872644
729755,1997,12,4.53331123388715,676.080002162071,34826,3.74755368446125,1.87149291332038,2.02176367802355,0.835222522474879,-0.687955053603162,1.16778991401347,2.66181832056677,3.69808871141227
729845,1998,3,4.53331123388715,678.720002144521,34640,3.75482534446713,1.75402408982064,1.56194531653443,1.31207737022694,-2.13633492218457,1.00008747120739,2.77928714406651,3.2212338636602
729936,1998,6,4.53331123388715,681.440002149463,34823,3.76195947623295,1.44583648351382,1.60301744244941,1.67559420613568,2.11316397228637,-0.414664836421878,3.08747475037333,2.85771702775146
730028,1998,9,4.53331123388715,684.190002119146,34857,3.76933011438721,0.832575550964798,1.61422866929382,1.71106616938212,0.390546477902546,-0.0831279023103804,3.70073568292235,2.82224506450503
730120,1998,12,4.53331123388715,678.590002147228,35202,3.77721224046397,1.68372255429403,-3.2739443456195,0.371257835926158,3.95903261898616,1.07965313271694,2.84958867959312,4.16205339796099
730210,1999,3,4.52220940077845,678.180002143588,35614,3.78595822964764,1.39367872375886,-0.241677597573187,-0.0795615274674049,4.68155218453495,2.81177829099306,3.12853067701959,4.60177092824586
730301,1999,6,4.50000568091678,679.020002160724,35898,3.79572377116881,2.06089580385651,0.495443696058146,-0.355130309507103,3.18975683719884,3.08704017459725,2.43910987706027,4.85513599042388
730393,1999,9,4.5000055985248,680.600002178133,36900,3.80617487994931,2.38100306847258,0.93075315153061,-0.524708038687194,11.164967407655,5.86108959462948,2.11900253005223,5.024713637212
730485,1999,12,4.74333883460818,682.090002209786,37349,3.81658579743679,3.23681282608091,0.875697929405987,0.515775365313814,4.86720867208675,6.0990852792455,1.50652600852727,4.22756346929436
730576,2000,3,5.29667179432922,688.2400022248,37892,3.82652293935816,1.85599844887836,3.60656218099678,1.48338200026765,5.81541674475892,6.39636098163643,3.44067334545086,3.81328979406156
730667,2000,6,6.19333783472708,692.570002234701,37904,3.8361356202551,1.72962373678066,2.51656398692512,1.99552296410397,0.126675815475494,5.5880550448493,4.46371409794641,4.19781487062311
730759,2000,9,6.5000042824529,701.020002276144,38050,3.84598828497806,1.38897168430328,4.88037311126834,3.00029386315911,1.54073448712541,3.11653116531166,5.11103259814962,3.49971041929379
730851,2000,12,6.50000427702701,709.240002328722,38122,3.85636889677352,1.52858215319741,4.69030842252056,3.98041314650234,0.756898817345586,2.06966719323141,4.9714221238296,2.51959113052467
730941,2001,3,6.45000419951528,709.200002312728,38252,3.86761082589686,3.0223066677769,-0.0225593682606586,3.0454492648164,1.36404176066316,0.95006861606673,3.42769753173838,3.40455493469888
731032,2001,6,5.92333784769157,714.890002318255,38788,3.87985918385025,2.72269056863672,3.209249851648,3.2227789265395,5.60493568963716,2.33220768256648,3.20064727905485,2.70055892115206
731124,2001,9,5.68333798713753,718.220002340385,39081,3.89282240891037,2.8514636322173,1.86322371907909,2.45356765975207,3.02155305764671,2.70959264126149,2.83187435492023,3.22977032738546
731216,2001,12,4.98333848943209,722.000002300755,39660,3.90574313496033,2.9255199029089,2.10520450449872,1.79910889545663,5.92615337376213,4.03441582288441,2.05781858652319,3.18422959397546
731306,2002,3,4.78333853058854,727.520002277998,39999,3.91810658161624,1.78861741241095,3.05817172279933,2.5831923160643,3.41906202723152,4.56708145979294,2.99472111817759,2.20014621452424
731397,2002,6,5.33333823878696,734.500002229018,40527,3.93018948184939,1.65422141378639,3.83769514469094,2.74307933348781,5.28013200330008,4.48334536454573,3.67911682500058,2.59025890529915
731489,2002,9,5.7433378485412,737.340002146856,41011,3.94258963979217,1.97676903099498,1.54663031135175,2.6621369140607,4.77706220544326,4.93846114480183,3.76656881754622,3.0812009344805
731581,2002,12,5.75000446777425,741.600002126671,41584,3.9555156805253,2.1081286576304,2.31100982852485,2.71468140768107,5.5887444831875,4.851235501765,3.64187581014385,3.03532306009318
731671,2003,3,5.75000442304018,746.030002115018,41842,3.969274690474,2.04166751593767,2.38942825007751,2.54425992124779,2.48172373989996,4.60761519037976,3.70833690710252,3.2057445017924
731762,2003,6,5.49333788510566,745.150002093943,42041,3.98401823306403,2.58142175041707,-0.471830901481212,1.44996594045004,1.90239472300561,3.73578108421546,2.91191613468859,4.04337194465562
731854,2003,9,5.06000479727367,748.090002076535,42947,3.99949499839704,2.38347996745006,1.57820571661,1.457943404451,8.62015651387935,4.7206846943503,2.6765248298236,3.60206139282267
731946,2003,12,5.00000489608431,753.300002049916,43510,4.01490972278043,2.10511604211288,2.78576104956301,1.57766988803843,5.2436724334645,4.63158907272027,2.89488885397143,3.42233500804588
732037,2004,3,5.17333815018747,757.790002026652,44257,4.02995221011027,1.93490719664983,2.38417627214551,1.57634409853407,6.86738680763045,5.77171263323932,3.23843095353764,3.59699405165341
732128,2004,6,5.48000453028608,762.550002034911,44644,4.04486660361416,2.06191493247858,2.51256944300076,2.3351003008887,3.49775176808186,6.19157489117765,3.4180895978075,3.14490422939738
732220,2004,9,5.98333750256101,766.830002019493,44778,4.05993967454909,2.4102074410236,2.24509866797479,2.5050461697042,1.20060926440277,4.26339441637367,3.57313006153741,3.47829133285681
732312,2004,12,6.42333711873263,773.860002010228,44952,4.07496838055038,2.33507985972696,3.66704483247736,2.72932429368964,1.55433471794186,3.31418064812688,4.08825725900568,3.69401282504299
732402,2005,3,6.55667036278597,779.240001993098,45472,4.08998924990456,2.55625170191173,2.78086473982057,2.83059949446145,4.62715785726999,2.74532842262241,4.00041866087424,3.72607086832452
732493,2005,6,6.75000370917462,784.030002001096,46200,4.10529548216995,2.87663564135372,2.45880601393475,2.81686445595224,6.40394088669944,3.48535077502017,3.8733680678209,3.93313925322238
732585,2005,9,6.75000382221893,792.110002006012,46441,4.12066712965152,2.67717802732823,4.12229123084239,3.29668895582363,2.08658008658011,3.71387735048461,4.07282579489069,3.4533148663953
732677,2005,12,6.99333696963101,798.610002008893,46254,4.13529817491227,3.05873250433406,3.28237239091544,3.19825290548322,-1.61064576559505,2.89642285104111,3.93460446529694,3.79508406414779
732767,2006,3,7.25000341261455,805.400002019281,46993,4.14884875890539,2.90242363402021,3.40090907617355,3.35711718588267,6.39079863363168,3.34491555242786,4.34757977859435,3.89288622673188
732858,2006,6,7.25000343683122,815.200002014267,47194,4.1618198502071,2.38834793835279,4.86714674468158,3.97561316960014,1.71089311174006,2.15151515151516,4.86165549847843,3.27439026723108
732950,2006,9,7.25000347162242,819.540002010419,47475,4.1743786722104,3.32567424990523,2.12953875634332,3.46290287143714,2.38165868542615,2.22648091126376,3.92432922171719,3.78710060018529
733042,2006,12,7.25000355524685,820.000001999329,47864,4.18619071931533,3.68140921211665,0.224516186046742,2.67840371853967,3.27751448130596,3.48078004064514,3.5685943431302,4.57159983670718
733132,2007,3,7.31333688860697,826.000001954997,48497,4.19694767252681,2.23244930621318,2.926829239531,2.55773527241969,5.28998830018389,3.2004766667376,5.08088758239379,4.75560161618728
733223,2007,6,7.74666988482557,831.620001920252,48931,4.20669401350563,2.02873929703535,2.72154961353675,2.01422962038913,3.57960286203269,3.68055261262026,5.71793058779022,5.73244026443644
733315,2007,9,8.18333623079104,833.62000197384,49315,4.21629559382416,2.45729292305243,0.961977849965479,1.71803693887816,3.13911426294169,3.87572406529753,5.72604330773861,6.46529929191289
733407,2007,12,8.25000298607907,846.56000195234,49406,4.22640991139905,1.97727345234392,6.20906405693722,3.2390243766161,0.738112136266864,3.22162794584658,6.27272953373515,5.01097860946297
733498,2008,3,8.25000304875634,853.540001989703,49212,4.23782948552048,2.87767023552187,3.29805330810143,3.33414043214573,-1.57065943407684,1.47431799905149,5.37233281323447,4.91586261661061
733589,2008,6,8.25000317167065,865.320002076539,49106,4.25050449697301,2.62863626545662,5.52053802253027,4.05233160319291,-0.861578476794307,0.357646481780478,5.62136690621402,4.19767156847774
733681,2008,9,7.95333677084892,875.720002121386,48938,4.26366759592735,3.21526473603732,4.80747007807042,5.05026271536933,-1.36846821162379,-0.764473283990668,4.7380720348116,2.90307405547959
733773,2008,12,6.30000475773686,875.380002072565,48623,4.27609785920776,3.78954827986951,-0.155300802995328,3.40436591071639,-2.57468633781519,-1.58482775371412,2.51045647786735,2.89563884702047
733863,2009,3,3.84667322930917,878.460001964044,48190,4.28694018793107,2.1512334173387,1.40738873823307,2.91960539825308,-3.56210024062682,-2.07672925302772,1.69543981197047,0.927067831056084
733954,2009,6,2.66000761424904,881.890001908425,48162,4.2966806350618,2.18329545266037,1.56182407245052,1.91489851062283,-0.232413363768444,-1.92237201156682,0.47671216158867,0.745109103626205
734046,2009,9,2.50000771755574,890.370001803713,48394,4.30628331642887,1.54834785561233,3.84628462821314,1.67290910871483,1.92683028113453,-1.11161060934243,0.951659861943408,0.827098608840908
734138,2009,12,2.50000761039484,892.780001823458,49014,4.31640584258819,2.15915321721077,1.08269596453738,1.98770816213485,5.1246022234161,0.804146185961386,0.34085439318407,0.512299448259989
734228,2010,3,2.50000758456261,895.820001847608,49177,4.32761789006841,2.2573538977368,1.36203768809395,1.97618557985011,1.33023217856118,2.04814276820917,0.24265368682581,0.523822004712497
734319,2010,6,2.55667417084271,896.840001867971,49506,4.33986824218574,3.62055917440793,0.455448647388664,1.69522275195257,2.67604774589751,2.79058178647067,-1.06388500356521,0.861451418890143
734411,2010,9,2.92334054198294,903.560001847733,49388,4.35282728129847,4.65195165522694,2.99719011898014,1.48140660818538,-0.953419787500536,2.05397363309501,-1.728611113244,1.44193393379756
734503,2010,12,3.00000711868735,928.850001702952,49118,4.36574378467132,2.5925260927321,11.1957146414192,4.04018905058612,-2.18676601603624,0.212184273880922,0.407481025955253,-1.04018193189877
734593,2011,3,2.8833404943038,935.340001728022,49631,4.3782208716487,4.10122147972704,2.79485385720892,4.4116005223041,4.17769453153636,0.923195802915998,-1.21788098542324,-1.5282600280003
734684,2011,6,2.50000746719974,944.260001677886,49828,4.39064603467328,4.11175371772279,3.81465560475738,5.28745369420926,1.58771735407311,0.650426210964312,-1.61174625052305,-2.78744622700952
734776,2011,9,2.50000745660374,945.320001701118,50371,4.40325182143742,4.64538124452919,0.449028878211152,4.62171850989289,4.35899494260258,1.99036203126266,-2.14537378792544,-2.12171105328914
734868,2011,12,2.50000736959138,946.030001724702,50669,4.41580334947885,4.91423360221159,0.300427377948608,1.8495989654145,2.36644100772276,3.15770186082496,-2.41422623262021,0.650408404176881
734959,2012,3,2.50000733974488,949.820001694982,50974,4.42829350842523,2.25348396794627,1.60248616359763,1.54810014970053,2.40778385205942,2.70597005903568,0.24652337179861,0.951907190044352
735050,2012,6,2.50000726308351,953.080001688668,51249,4.44072216967847,2.18173219050049,1.37289170068772,0.934064769778402,2.15796288303841,2.8518102271815,0.318275072583021,1.56594249330511
735142,2012,9,2.50000718365605,952.970001651381,51311,4.45328306212424,2.56149221457918,-0.0461661296395732,0.809249771135285,0.483911881207462,1.86615314367393,-0.0614850309231287,1.69075741252077
735234,2012,12,2.50000712036305,954.90000163249,52042,4.46580698379198,2.3149511969705,0.810098944464244,0.937602390158617,5.69858314981195,2.70974363022756,0.185055923392555,1.56240473020444
735324,2013,3,2.50000706542526,958.08000162899,51876,4.47821177845451,1.69596110245813,1.33207665349795,0.8696384493133,-1.27589254832634,1.76952956409148,0.804045962967131,1.63036861611196
735415,2013,6,2.5000069249199,959.330001643796,52436,4.49062978091796,1.83490923306945,0.52187709280247,0.655768659929294,4.31798905081348,2.31614275400496,0.665097691850457,1.84423826499061
735507,2013,9,2.50000688912859,966.230001670161,52742,4.50323690536935,1.5521820835723,2.87700791783533,1.3914393942939,2.33427416278892,2.78887567967882,0.947824805556293,1.10856749483469
735599,2013,12,2.50000686248093,970.340001614288,52910,4.5157984061942,1.51121010643281,1.7014582188599,1.61692323336491,1.27412688180198,1.66788363245072,0.988796756048114,0.88308362911601
735689,2014,3,2.5500068529058,972.820001634185,53725,4.52835679598502,2.27261407529814,1.02232207917706,1.53849365190104,6.16140616140621,3.56426864060452,0.277392777607664,1.01151320100477
735780,2014,6,2.98667318053834,974.770001580405,53956,4.54118900975383,2.4799495147456,0.801792702840771,1.60945659055312,1.71986970684037,2.89877183614311,0.50672366579274,1.37721658998522
735872,2014,9,3.44000612134392,976.060001495692,54670,4.55403934943717,2.63410278482362,0.529355607249101,1.01735609622342,5.29320186818893,3.65553069659855,0.805903336520296,2.4226500251205
735964,2014,12,3.50000607906333,977.650001475761,55532,4.56614547215351,2.48087546643621,0.651599277762557,0.753344173105489,6.30693250411565,4.95558495558495,1.01913061262712,2.74666190595784
736054,2015,3,3.50000606180515,975.190001455711,55717,4.57694767252681,1.92300290085095,-1.00649517366583,0.243621617313067,1.33256500756323,3.70777105630526,1.57700316095421,3.25638444449209
736145,2015,6,3.44667270117776,978.930001413411,56153,4.58669401350563,1.61360577680427,1.53406000968693,0.426767322164338,3.13010391801424,4.0718363110683,1.83306692437348,3.01990537901342
736237,2015,9,3.00000632655184,980.280001451409,56696,4.59629559382416,1.7227607819474,0.551622704809972,0.432350465058519,3.86800349046359,3.70587159319552,1.27724554460445,2.56765586149332
736329,2015,12,2.69333985405758,978.260001425901,57277,4.60640991139905,2.10679165572666,-0.824254303879513,0.0623945122711689,4.09905460702697,3.14233234891594,0.586548198330926,2.63094534178641
736420,2016,3,2.4433399946549,979.220001390833,57984,4.61782948552049,1.53568879559542,0.39253366734107,0.413252794748246,4.93740943135992,4.06877613654719,0.907651199059473,2.03008719990665
736511,2016,6,2.25000676485796,983.15000139214,58493,4.630504496973,0.965528953226466,1.60535936591373,0.431082914267208,3.5113134657837,4.16718608088615,1.2844778116315,1.81892385059076
736603,2016,9,2.11334017035422,984.480001418885,59073,4.64366759592735,1.16565921874418,0.541117845643669,0.428449010615026,3.96628656420421,4.19253562861577,0.947680951610034,1.68489115973919
736695,2016,12,1.86000708102574,991.130001412015,59226,4.65609785920776,0.773808570042967,2.70193400924194,1.31560116608622,1.03600629729323,3.40276201616705,1.08619851098278,0.544405914939519
736785,2017,3,1.75000700348254,1000.29000138495,59894,4.66705028225333,1.2610896464312,3.69679051583012,2.15171258391294,4.51153209738965,3.29401214128036,0.488917357051338,-0.401705580430404
736876,2017,6,1.75000649977067,1000.50000144078,60383,4.67712042733975,1.96925295243717,0.0839756692723768,1.76473580064855,3.2657695261629,3.23115586480434,-0.219246452666501,-0.0147293008778853
736968,2017,9,1.75000597878451,1003.39000144179,60825,4.68692118867267,1.99838300744147,1.155422287595,1.92081098606917,2.92797641720347,2.96582194911382,-0.248377028656961,-0.170805007284662
737060,2017,12,1.75000546794422,1006.63000146386,61381,4.6966829509046,2.07103084630972,1.29162141038341,1.5638715435677,3.65639128647757,3.63860466686927,-0.321025378365499,0.186133924376521
737150,2018,3,1.7500049464113,1011.13000146549,61955,4.70657534246575,1.77320102467685,1.78814459934011,1.08368573768884,3.74057118652348,3.44107923999064,-0.0231960782655463,0.666319208722466
737241,2018,6,1.75000442846838,1015.9500014616,62518,4.71651141552511,1.737171090955,1.90677756139291,1.54422788591397,3.63489629569847,3.53576337710946,0.012833337513382,0.205776542554416
737333,2018,9,1.75000391165122,1022.43000144847,62573,4.72659360730594,1.58305132021098,2.55130664995136,1.89756724497137,0.351898653187902,2.87381833127827,0.166952591440234,-0.147563333320154
737425,2018,12,1.75000339844661,1025.34000151716,63519,4.73663926940639,1.76958296253419,1.1384642722029,1.85867697427011,6.04733671072182,3.48316254215473,-0.0195795640875869,-0.108673575823503
737515,2019,3,1.75000322678007,1026.0600014804,64065,4.74657669731896,2.20866451166843,0.2808824242382,1.47656582173138,3.43834128371043,3.40569768380277,-0.458661284888363,0.273437405048687
737606,2019,6,1.60667006493027,1033.45000142378,64103,4.75651682773863,1.80456794682771,2.88092311666725,1.72252570864732,0.237259033793805,2.53526984228543,-0.197897881897438,-0.115855643717053
737698,2019,9,1.20333720245599,1037.26000142295,64597,4.76660145714994,1.83033946920657,1.47467221207609,1.45046604202494,3.08253903873458,3.23462196154891,-0.627002266750581,-0.24712883956895
737790,2019,12,1.00000410410856,1043.96000139238,65270,4.77664267958308,1.61645101292454,2.58373019695614,1.81598297615115,4.16737619394087,2.75665548890882,-0.616446908815978,-0.815978872042585
737881,2020,3,0.876670886774994,1052.25000131056,64556,4.78663756476654,1.60562146082993,3.1763668750221,2.55248229074066,-4.37567029263062,0.766409115741823,-0.728950574054937,-1.67581140396566
737972,2020,6,0.250004958243904,1048.81000129171,57871,4.79658863584739,1.72252555791933,-1.30767403737411,1.48628379183957,-41.4214015738274,-9.72185389139354,-1.47252059967543,-1.23627883359566
738064,2020,9,0.25000484691977,1051.99000128217,66018,4.80664218328579,1.63875582071554,1.2128030764577,1.42008752280158,56.3114513314095,2.199792560026,-1.38875097379577,-1.17008267588181
738156,2020,12,0.25000476540268,1058.80000124728,66313,4.81665240867378,1.39755895775728,2.58937820960517,1.42151038690221,1.78739131751951,1.59797763137735,-1.1475541923546,-1.17150562149953
738246,2021,3,0.250004756492156,1068.3600012499,67608,4.82654666489927,0.99133704876614,3.61163581086277,1.53100498163661,7.81143968754242,4.7276782948138,-0.741332292273984,-1.28100022514446
738337,2021,6,0.250004757080818,1084.01000124197,68138,4.83643413141726,0.564592077308271,5.85944811627724,3.35618461941722,3.13572358300792,17.7411829759292,-0.314587320227452,-3.1061798623364
738429,2021,9,0.250004791581045,1103.8000011385,65196,4.84646009965934,0.315202721963881,7.30251561290316,4.92495173843683,-17.2708327218292,-1.24511496864491,-0.0651979303828358,-4.67494694685579
738521,2021,12,0.583337774444115,1121.76000105627,67855,4.85644279879907,0.887081705224131,6.50842540288039,5.94635433838562,16.3138842873796,2.32533590698655,-0.303743930780016,-5.3630165639415
738611,2022,3,0.846670805106703,1142.35000102527,67791,4.86630978304623,3.12252672894089,7.34203392868534,6.92556813141729,-0.377275071844394,0.270678026269081,-2.27585592383418,-6.07889732631059
738702,2022,6,1.62666994749475,1163.19000097758,68428,4.87616993149134,3.67682249168743,7.297238126183,7.30436062812123,3.75861102506229,0.425606856673227,-2.05015254419267,-5.67769068062648
738794,2022,9,2.67000202658053,1183.6400008316,69732,4.88616813314548,3.63456829945921,7.03238502285296,7.2331943840144,7.6226106272286,6.95748205411375,-0.964566272878681,-4.56319235743387
738886,2022,12,3.78333409467009,1202.91000069777,69885,4.89612311932428,4.39937485006004,6.5121151203507,7.23416769764331,0.877645844088818,2.99167342126594,-0.616040755389952,-3.45083360297322
738976,2023,3,4.44999999743567,1218.19000055193,69887,4.90596264691731,4.84879681958475,5.08101182808332,6.63894598490822,0.0114473778349975,3.09185585107168,-0.398796822149086,-2.18894598747255
739067,2023,6,5.32666562046639,1233.21000039387,70506,4.91579529261375,4.41396519838513,4.93190711962148,6.01965279596939,3.5428620487358,3.03676857426784,0.912700422081259,-0.692987175503002
739159,2023,9,5.4999987633814,1250.68000028862,70566,4.92576554028834,3.6555669349492,5.66651256125937,5.66388423928905,0.340396561994737,1.19600757184651,1.8444318284322,-0.163885475907649
739251,2023,12,5.49999880322472,1259.0500002661,70884,4.93569262679355,4.54292341231424,2.67694373478139,4.66701578137692,1.80256780885986,1.42949130714744,0.957075390910478,0.832983021847798
739342,2024,3,5.49999880803394,1267.0400002226,71010,4.94557662543596,3.16614365119011,2.53842181162423,4.01004766485794,0.711020822752687,1.60687967719318,2.33385515684384,1.489951143176
739433,2024,6,5.49999879975398,1274.0600002231,70595,4.9554175759488,3.11780146638211,2.21618891251137,3.3124933965982,-2.33769891564572,0.126230391739711,2.38219733337187,2.18750540315579
739525,2024,9,5.36999889017888,1277.85000028584,69692,4.96535960489516,3.26223651484468,1.18989688462665,2.17241820377245,-5.11650966782349,-1.23855681206247,2.10776237533419,3.19758068640643
739617,2024,12,4.61666581740714,1287.2400001483,69743,4.97525852780865,2.77547756119801,2.93931208212496,2.2389897046376,0.292716524134732,-1.6096721403984,1.84118825620914,2.37767611276954
739707,2025,3,4.02666600110545,1298.83000019234,70531,4.98504251157671,1.7679451945612,3.60150400631227,2.5089973453213,4.51944998064323,-0.674552879876074,2.25872080654425,1.51766865578414
739798,2025,6,3.43666619520653,1307.90000013842,69842,4.99481952113281,1.82634476389028,2.79328316861711,2.65607584488914,-3.90750166593415,-1.0666477795878,1.61032143131624,0.780590350317382
739890,2025,9,3.13999965384673,1317.04000005746,70602,5.00473322080298,1.86115471244949,2.79532071811735,3.06687011486902,4.35268176741789,1.3057452792286,1.27884494139724,0.0731295389777107
739982,2025,12,2.45333323676347,1327.36,NaN,5.01460387010601,1.79347177246338,3.13430114259052,3.1167458940899,NaN,NaN,0.659861464300092,-0.663412657326431
740072,2026,3,2.25,NaN,NaN,5.0227464513289,2.8799771623548,NaN,NaN,NaN,NaN,-0.629977162354805,NaN
