Year,Month,yobs,piobs,rrobs,idx_y,idx_pi,rstar_lw,ybar_lw,gg_home,yobs_int,piobs_int,rrobs_int,idx_y_int,idx_pi_int,rstar_lw_int,ybar_lw_int,gg_home_int,gg_home_f,yobs_us,piobs_us,rrobs_us,idx_y_us,idx_pi_us,rstar_lw_us,ybar_lw_us,gg_foreign,lw_decomp_r,lw_decomp_g_pos,lw_decomp_g_neg,lw_decomp_z_pos,lw_decomp_z_neg,int_decomp_r,int_decomp_gh_pos,int_decomp_gh_neg,int_decomp_gf_pos,int_decomp_gf_neg,int_decomp_z_pos,int_decomp_z_neg
1980,9,316.080078125,18.436720306294,-13.1903676986694,0,0,-2.57271814493268,321.800534799829,0.295458097620606,316.080078125,18.436720306294,-13.1903676986694,0,0,-1.43320718659262,320.362654241462,0.362932936590425,0.22069166689881,355.962371826172,8.80780124664307,1.32587110996246,0,0,1.85476183907539,358.7479698897,0.9740083547997,-2.57271814493268,0.295458097620606,0,-0,-2.86817624255328,-1.43320718659262,0.362932936590425,0,0.22069166689881,0,-0,-2.01683179008186
1980,12,316.306823730469,18.4602885748445,-10.7777519226074,0,0,-2.69734338799535,321.854263581338,0.221103011458864,316.306823730469,18.4602885748445,-10.7777519226074,0,0,-1.52094008265845,320.550294026863,0.294814846859296,0.224519012539746,357.81103515625,9.62799549102783,6.77771997451782,0,0,1.86834316877232,359.905663202578,0.990900096492365,-2.69734338799535,0.221103011458864,0,-0,-2.91844639945421,-1.52094008265845,0.294814846859296,0,0.224519012539746,0,-0,-2.0402739420575
1981,3,317.453674316406,12.278027711491,-10.4796600341797,0,0,-2.77131979028355,322.176964106905,0.192082181219323,317.453674316406,12.278027711491,-10.4796600341797,0,0,-1.57096590703264,320.915723337446,0.264492471307401,0.224223176638925,359.750885009766,8.77752113342285,6.98759508132935,0,0,1.86081668055769,361.098782396132,0.989594443936022,-2.77131979028355,0.192082181219323,0,-0,-2.96340197150288,-1.57096590703264,0.264492471307401,0,0.224223176638925,0,-0,-2.05968155497897
1981,6,317.440368652344,13.4217609208959,-9.75000858306885,0,0,-2.8731259296794,322.044596839694,0.130816598427252,317.440368652344,13.4217609208959,-9.75000858306885,0,0,-1.64974144574282,320.890391129557,0.205928439391058,0.219706122331819,359.006744384766,7.48833751678467,7.81903505325317,0,0,1.83526460227627,361.741432758468,0.96965871778909,-2.8731259296794,0.130816598427252,0,-0,-3.00394252810665,-1.64974144574282,0.205928439391058,0,0.219706122331819,0,-0,-2.07537600746569
1981,9,319.573303222656,16.0793510290374,-8.28006458282471,0,0,-2.90522374828416,322.687408058585,0.137329076877596,319.573303222656,16.0793510290374,-8.28006458282471,0,0,-1.64867967415589,321.505770129561,0.221113037099091,0.21977493502595,360.197662353516,7.29952526092529,7.87652778625488,0,0,1.83012495470345,362.965829223428,0.969962418150511,-2.90522374828416,0.137329076877596,0,-0,-3.04255282516176,-1.64867967415589,0.221113037099091,0,0.21977493502595,0,-0,-2.08956764628094
1981,12,318.057647705078,12.7703187064522,-7.26100444793701,0,0,-3.05988718204657,322.067424598256,0.0163717587660317,318.057647705078,12.7703187064522,-7.26100444793701,0,0,-1.7701007151472,321.106160922622,0.115383658066733,0.214762498493786,359.102600097656,7.05227994918823,4.52694797515869,0,0,1.80298059738489,363.690242453507,0.947840354690498,-3.05988718204657,0.0163717587660317,0,-0,-3.0762589408126,-1.7701007151472,0.115383658066733,0,0.214762498493786,0,-0,-2.10024687170772
1982,3,320.616821289062,16.9210806526458,-6.34094190597534,0,0,-3.04629007817082,322.752243861196,0.0618682612165639,320.616821289062,16.9210806526458,-6.34094190597534,0,0,-1.72398681095191,321.746702198027,0.172846187545471,0.213224403995536,357.535888671875,5.81238269805908,5.53453922271729,0,0,1.79544143485157,364.30059670906,0.941052074404167,-3.04629007817082,0.0618682612165639,0,-0,-3.10815833938738,-1.72398681095191,0.172846187545471,0,0.213224403995536,0,-0,-2.11005740249292
1982,6,320.996520996094,13.1466243804377,-5.48650932312012,0,0,-3.20019535739203,322.581218631743,-0.0578297191168969,320.996520996094,13.1466243804377,-5.48650932312012,0,0,-1.82984782520735,321.740650042941,0.0763528822112479,0.216603156034521,357.991271972656,5.37435817718506,6.49524927139282,0,0,1.81158323686007,365.304936863518,0.955963977336492,-3.20019535739203,-0,-0.0578297191168969,-0,-3.14236563827513,-1.82984782520735,0.0763528822112479,0,0.216603156034521,0,-0,-2.12280386345312
1982,9,321.881042480469,13.5330492601455,-6.46345996856689,0,0,-3.32065141349549,322.538562837331,-0.145423708201494,321.881042480469,13.5330492601455,-6.46345996856689,0,0,-1.91266011881266,321.812492065447,0.00475567093458233,0.218454082959306,357.608520507812,6.3613657951355,3.97685670852661,0,0,1.82220448407202,366.083119652883,0.964132923242779,-3.32065141349549,-0,-0.145423708201494,-0,-3.175227705294,-1.91266011881266,0.00475567093458233,0,0.218454082959306,0,-0,-2.13586987270654
1982,12,323.242309570312,4.92990348149795,-6.38011598587036,0,0,-3.47144510922044,322.352637205649,-0.260345104192929,323.242309570312,4.92990348149795,-6.38011598587036,0,0,-2.02370202693904,321.761416817008,-0.0939192270166944,0.222826079200993,357.648223876953,5.53194999694824,2.80404734611511,0,0,1.84625910615522,366.922923937917,0.983428445028421,-3.47144510922044,-0,-0.260345104192929,-0,-3.21110000502751,-2.02370202693904,-0,-0.0939192270166944,0.222826079200993,0,-0,-2.15260887912333
1983,3,324.593322753906,-1.69835526827697,-5.92827796936035,0,0,-3.64574315703373,321.879479108621,-0.394491033671074,324.593322753906,-1.69835526827697,-5.92827796936035,0,0,-2.15812878208234,321.466487359456,-0.212799611841943,0.22871408198778,358.958099365234,5.21913862228394,2.50767707824707,0,0,1.87744114695357,367.920558841688,1.00941476335209,-3.64574315703373,-0,-0.394491033671074,-0,-3.25125212336266,-2.15812878208234,-0,-0.212799611841943,0.22871408198778,0,-0,-2.17404325222818
1983,6,326.229644775391,14.2581385530261,-3.19555640220642,0,0,-3.80071124767825,321.746481471791,-0.505260295951611,326.229644775391,14.2581385530261,-3.19555640220642,0,0,-2.27760704176579,321.418796583961,-0.311175566811581,0.23361348574359,361.208221435547,3.04846906661987,2.90864014625549,0,0,1.90280130650597,369.039998649144,1.03103796398651,-3.80071124767825,-0,-0.505260295951611,-0,-3.29545095172664,-2.27760704176579,-0,-0.311175566811581,0.23361348574359,0,-0,-2.2000449606978
1983,9,323.817352294922,18.2522138413223,0.68930983543396,0,0,-4.03270830352063,320.754265636886,-0.697079082905649,323.817352294922,18.2522138413223,0.68930983543396,0,0,-2.47624559740151,320.68167936716,-0.487661364607534,0.235856180193004,363.186309814453,6.03385210037231,3.82983779907227,0,0,1.91493632004658,370.076471770783,1.04093595044738,-4.03270830352063,-0,-0.697079082905649,-0,-3.33562922061498,-2.47624559740151,-0,-0.487661364607534,0.235856180193004,0,-0,-2.22444041298698
1983,12,319.753601074219,34.0326013672552,0.887848973274231,0,1,-4.15138623017028,319.374015966451,-0.785810977764016,319.753601074219,34.0326013672552,0.887848973274231,0,1,-2.57595764166686,319.641078118723,-0.570737573453544,0.237038690167425,365.251678466797,3.18787503242493,4.22915458679199,0,0,1.92108813867249,371.136961988774,1.04615488150583,-4.15138623017028,-0,-0.785810977764016,-0,-3.36557525240626,-2.57595764166686,-0,-0.570737573453544,0.237038690167425,0,-0,-2.24225875838074
1984,3,320.628356933594,42.9808862781804,0.237027645111084,0,1,-4.1068440390003,319.39374909757,-0.708423132658862,320.628356933594,42.9808862781804,0.237027645111084,0,1,-2.53172010450498,319.662277768608,-0.50532418833319,0.236734204936755,367.186950683594,4.0190544128418,4.66107797622681,0,0,1.91897703607111,372.213129682171,1.04481105569332,-4.1068440390003,-0,-0.708423132658862,-0,-3.39842090634144,-2.53172010450498,-0,-0.50532418833319,0.236734204936755,0,-0,-2.26313012110854
1984,6,320.001068115234,30.7873387296399,-10.6161432266235,0,1,-4.25032849535088,319.200369302317,-0.812733695028572,320.001068115234,30.7873387296399,-10.6161432266235,0,1,-2.66563929017652,319.500049332223,-0.610812165599426,0.234675256238701,368.900909423828,4.65562963485718,6.14986610412598,0,0,1.90761510942111,373.303563115986,1.03572401918583,-4.25032849535088,-0,-0.812733695028572,-0,-3.43759480032231,-2.66563929017652,-0,-0.610812165599426,0.234675256238701,0,-0,-2.28950238081579
1984,9,312.178802490234,40.7106408308939,-21.2744941711426,0,1,-4.50313397030875,316.930767219678,-1.04175022458155,312.178802490234,40.7106408308939,-21.2744941711426,0,1,-2.90947302240256,317.718334096929,-0.835354371712553,0.230680030672238,369.8603515625,3.73766088485718,7.00095081329346,0,0,1.88697775067735,374.240294092784,1.01809135033282,-4.50313397030875,-0,-1.04175022458155,-0,-3.4613837457272,-2.90947302240256,-0,-0.835354371712553,0.230680030672238,0,-0,-2.30479868136225
1984,12,311.836120605469,27.5131492906447,-26.1859683990479,0,1,-4.39254223176955,316.717877693373,-0.91844144410647,311.836120605469,27.5131492906447,-26.1859683990479,0,1,-2.82607772795106,317.500905153732,-0.741035777920677,0.227071637767668,370.677368164062,2.83661651611328,4.76729249954224,0,0,1.86765393627682,375.201042540303,1.00216594233786,-4.39254223176955,-0,-0.91844144410647,-0,-3.47410078766308,-2.82607772795106,-0,-0.741035777920677,0.227071637767668,0,-0,-2.31211358779805
1985,3,310.231048583984,15.5837887440845,-32.4897117614746,0,1,-4.43922208925364,315.534194688297,-0.955326889736261,310.231048583984,15.5837887440845,-32.4897117614746,0,1,-2.89675278088,316.485581648189,-0.802570759837288,0.223103571146893,371.641448974609,5.41925525665283,4.58007144927979,0,0,1.84591294006123,376.181225497116,0.984653137729755,-4.43922208925364,-0,-0.955326889736261,-0,-3.48389519951738,-2.89675278088,-0,-0.802570759837288,0.223103571146893,0,-0,-2.31728559218961
1985,6,310.301391601562,9.40018310798918,-29.111988067627,0,1,-4.38372636621954,314.933814365695,-0.900662591404409,310.301391601562,9.40018310798918,-29.111988067627,0,1,-2.87327091475561,315.917507332973,-0.777173742568817,0.218229723995886,372.518463134766,3.45384526252747,3.96353983879089,0,0,1.81950652009143,377.06339993638,0.963142729512695,-4.38372636621954,-0,-0.900662591404409,-0,-3.48306377481513,-2.87327091475561,-0,-0.777173742568817,0.218229723995886,0,-0,-2.31432689618268
1985,9,306.269989013672,8.32350657433106,-22.1997489929199,0,1,-4.34903451269306,312.86097045463,-0.88407758374036,306.269989013672,8.32350657433106,-22.1997489929199,0,1,-2.87483719702427,314.194149853515,-0.790362487288113,0.213698178895985,374.033782958984,4.08710145950317,3.75438690185547,0,0,1.79342366575339,378.046563401723,0.943143049191828,-4.34903451269306,-0,-0.88407758374036,-0,-3.4649569289527,-2.87483719702427,-0,-0.790362487288113,0.213698178895985,0,-0,-2.29817288863215
1985,12,309.428833007812,3.22380072211847,-16.3484382629395,0,1,-3.97065128544442,312.93994312436,-0.532007425172272,309.428833007812,3.22380072211847,-16.3484382629395,0,1,-2.55960787297038,314.132719095128,-0.491635309913877,0.20753889191817,374.774871826172,2.85863947868347,4.18073034286499,0,0,1.75942580924849,378.825468256689,0.915959435690228,-3.97065128544442,-0,-0.532007425172272,-0,-3.43864386027215,-2.55960787297038,-0,-0.491635309913877,0.20753889191817,0,-0,-2.27551145497467
1986,3,310.785064697266,0,-6.55322647094727,0,1,-3.74307873512244,312.344249630871,-0.329124930251078,310.785064697266,0,-6.55322647094727,0,1,-2.37713333133884,313.556807685663,-0.326185065185612,0.202808865472446,375.703826904297,4.29562568664551,3.80064392089844,0,0,1.73176455662724,379.675831607099,0.895083770825766,-3.74307873512244,-0,-0.329124930251078,-0,-3.41395380487136,-2.37713333133884,-0,-0.326185065185612,0.202808865472446,0,-0,-2.25375713162568
1986,6,313.626495361328,-1.88148939575101,-0.789119958877563,1,1,-3.43455241072571,312.401595106875,-0.0476778203947551,313.626495361328,-1.88148939575101,-0.789119958877563,1,1,-2.10799301520859,313.565248338246,-0.0759535437495532,0.198016085391904,376.153137207031,2.7332067489624,2.98780250549316,0,0,1.70396528375595,380.393777185888,0.873931146865091,-3.43455241072571,-0,-0.0476778203947551,-0,-3.38687459033095,-2.10799301520859,-0,-0.0759535437495532,0.198016085391904,0,-0,-2.23005555685094
1986,9,313.107604980469,-6.11208424541577,2.4478485584259,1,1,-3.15146241340726,312.46574922832,0.20799508502102,313.107604980469,-6.11208424541577,2.4478485584259,1,1,-1.8615645247394,313.550164897903,0.149178826910001,0.195020848625973,377.105529785156,2.73782539367676,2.52733969688416,0,0,1.6841609363206,381.215825756146,0.86071186371038,-3.15146241340726,0.20799508502102,0,-0,-3.35945749842828,-1.8615645247394,0.149178826910001,0,0.195020848625973,0,-0,-2.20576420027538
1986,12,312.590362548828,5.77885489915375,5.76122522354126,0,0,-2.83247560342207,312.712752144925,0.498253483456216,312.590362548828,5.77885489915375,5.76122522354126,0,0,-1.56167794230678,313.804129103165,0.426770541917403,0.191893353561723,377.640594482422,3.2439911365509,2.86057806015015,0,0,1.66393655575306,381.904254289226,0.846908867136109,-2.83247560342207,0.498253483456216,0,-0,-3.33072908687828,-1.56167794230678,0.426770541917403,0,0.191893353561723,0,-0,-2.18034183778591
1987,3,314.391448974609,0,8.01675319671631,0,0,-2.47025818971911,313.57527714864,0.836949301862984,314.391448974609,0,8.01675319671631,0,0,-1.22026202001918,314.598383102985,0.748386262746918,0.190678506347517,378.379974365234,2.52525949478149,2.98551058769226,0,0,1.65271819883004,382.627625352906,0.841547217767698,-2.47025818971911,0.836949301862984,0,-0,-3.30720749158209,-1.22026202001918,0.748386262746918,0,0.190678506347517,0,-0,-2.15932678911361
1987,6,318.146697998047,11.6567173912702,8.04711532592773,0,0,-2.15893493008079,315.305922089213,1.13697367786999,318.146697998047,11.6567173912702,8.04711532592773,0,0,-0.924033184670511,316.125012258478,1.03355878324201,0.19056341486506,379.452514648438,3.864830493927,3.49997115135193,0,0,1.64612449252998,383.438481213277,0.841039268976274,-2.15893493008079,1.13697367786999,0,-0,-3.29590860795078,-0.924033184670511,1.03355878324201,0,0.19056341486506,0,-0,-2.14815538277758
1987,9,318.995178222656,11.6911393958441,7.62756490707397,0,0,-2.03706274122305,316.713381104028,1.25329399602423,318.995178222656,11.6911393958441,7.62756490707397,0,0,-0.806210111662743,317.452766777145,1.1458924918677,0.190084063653406,380.315185546875,3.5671124458313,3.98520374298096,0,0,1.63756848480009,384.171403990076,0.838923683500866,-2.03706274122305,1.25329399602423,0,-0,-3.29035673724728,-0.806210111662743,1.1458924918677,0,0.190084063653406,0,-0,-2.14218666718385
1987,12,315.748962402344,8.31592577226877,3.63685607910156,0,0,-1.96481723952987,317.047012431718,1.31294796215085,315.748962402344,8.31592577226877,3.63685607910156,0,0,-0.743294469070564,317.976846064283,1.19809135780475,0.190410929965813,382.017486572266,4.0448203086853,3.79432988166809,0,0,1.63120917737482,385.113516567962,0.840366286765685,-1.96481723952987,1.31294796215085,0,-0,-3.27776520168072,-0.743294469070564,1.19809135780475,0,0.190410929965813,0,-0,-2.13179675684113
1988,3,320.173217773438,24.4977801340552,0.804535984992981,0,1,-1.67843819803086,319.654870038912,1.59230996061877,320.173217773438,24.4977801340552,0.804535984992981,0,1,-0.492800735932316,320.250109029203,1.44542266934839,0.188101659715303,382.533386230469,3.84122228622437,3.36179256439209,0,0,1.61238434023532,385.793454623358,0.830174472325686,-1.67843819803086,1.59230996061877,0,-0,-3.27074815864963,-0.492800735932316,1.44542266934839,0,0.188101659715303,0,-0,-2.12632506499601
1988,6,321.615051269531,11.348884637409,-1.57289743423462,0,0,-1.71096592465331,320.930255178826,1.56348929318085,321.615051269531,11.348884637409,-1.57289743423462,0,0,-0.536549970034156,321.476944324576,1.40538482447069,0.187419023009567,383.838928222656,4.81877994537354,3.60614967346191,0,0,1.6003301107589,386.693831192916,0.827161699510007,-1.71096592465331,1.56348929318085,0,-0,-3.27445521783416,-0.536549970034156,1.40538482447069,0,0.187419023009567,0,-0,-2.12935381751441
1988,9,324.678863525391,7.20630808779869,-6.65638208389282,0,0,-1.70680385574851,322.764067258923,1.5740668030742,324.678863525391,7.20630808779869,-6.65638208389282,0,0,-0.543880021239542,323.121207867082,1.40620937882629,0.184634258589302,384.423065185547,4.580726146698,4.09573554992676,0,0,1.57838279122773,387.395394065437,0.814871322398799,-1.70680385574851,1.5740668030742,0,-0,-3.28087065882272,-0.543880021239542,1.40620937882629,0,0.184634258589302,0,-0,-2.13472365865513
1988,12,326.227294921875,8.57021108010233,-6.29461050033569,0,0,-1.80593009206618,324.145147233533,1.48320795571548,326.227294921875,8.57021108010233,-6.29461050033569,0,0,-0.642004832943249,324.40806930856,1.31704314538389,0.182857724293798,385.746734619141,4.44420051574707,4.30841302871704,0,0,1.56013361677032,388.275257836044,0.807030703535728,-1.80593009206618,1.48320795571548,0,-0,-3.28913804778166,-0.642004832943249,1.31704314538389,0,0.182857724293798,0,-0,-2.14190570262094
1989,3,326.525634765625,9.87089028450961,-5.84080791473389,0,0,-1.89771250309286,325.178777784306,1.3947305120728,326.525634765625,9.87089028450961,-5.84080791473389,0,0,-0.735084996132094,325.405789969712,1.2317008751903,0.178902713408672,386.757781982422,4.34185218811035,5.02282285690308,0,0,1.53076029004761,389.061712743934,0.789575519569935,-1.89771250309286,1.3947305120728,0,-0,-3.29244301516565,-0.735084996132094,1.2317008751903,0,0.178902713408672,0,-0,-2.14568858473106
1989,6,327.818725585938,11.8731590066902,-4.78712797164917,0,0,-1.91708705658686,326.438750878115,1.37535856134,327.818725585938,11.8731590066902,-4.78712797164917,0,0,-0.759549337937936,326.569830872491,1.21351692124196,0.174143032353431,387.518310546875,3.62249302864075,5.13173484802246,0,0,1.49696902037488,389.799938355638,0.768568976010173,-1.91708705658686,1.37535856134,0,-0,-3.29244561792686,-0.759549337937936,1.21351692124196,0,0.174143032353431,0,-0,-2.14720929153333
1989,9,329.885864257812,16.1921112619828,-1.24338102340698,0,0,-1.93690777441776,327.79128015934,1.35658781688801,329.885864257812,16.1921112619828,-1.24338102340698,0,0,-0.78148667068433,327.796429950727,1.19918645020549,0.16903037620899,388.255981445312,2.96566724777222,4.45252561569214,0,0,1.46071175823812,390.552102998577,0.746004599792982,-1.93690777441776,1.35658781688801,0,-0,-3.29349559130577,-0.78148667068433,1.19918645020549,0,0.16903037620899,0,-0,-2.14970349709881
1989,12,332.559478759766,13.0644335631329,-1.6581506729126,0,0,-1.9894925779302,329.419516785394,1.30785272782084,332.559478759766,13.0644335631329,-1.6581506729126,0,0,-0.829276124481497,329.235704457938,1.16226765817707,0.16304994535377,388.453369140625,3.64525628089905,4.33611631393433,0,0,1.42026948942101,391.151759705583,0.71961035618542,-1.9894925779302,1.30785272782084,0,-0,-3.29734530575104,-0.829276124481497,1.16226765817707,0,0.16304994535377,0,-0,-2.15459372801234
1990,3,331.427978515625,10.117506873768,-3.78733062744141,0,0,-2.14328238623997,329.968105552261,1.15422761119132,331.427978515625,10.117506873768,-3.78733062744141,0,0,-0.967247240932868,329.851037205084,1.03165266186058,0.15827174213998,389.540130615234,4.57984828948975,3.79739928245544,0,0,1.38419257095734,391.938515918164,0.698522066280499,-2.14328238623997,1.15422761119132,0,-0,-3.29750999743129,-0.967247240932868,1.03165266186058,0,0.15827174213998,0,-0,-2.15717164493342
1990,6,332.122619628906,11.7572129469526,-4.51836061477661,0,0,-2.15398287616409,331.097280837876,1.13924374881862,332.122619628906,11.7572129469526,-4.51836061477661,0,0,-0.977157157984557,330.900920540059,1.02847958069108,0.151246637911574,389.902770996094,4.44377756118774,3.75212454795837,0,0,1.3373008376565,392.543584640949,0.667517224512079,-2.15398287616409,1.13924374881862,0,-0,-3.29322662498271,-0.977157157984557,1.02847958069108,0,0.151246637911574,0,-0,-2.15688337658722
1990,9,333.539672851562,13.0745298918124,-4.64357852935791,0,0,-2.18831432475584,332.404376738832,1.10201139272412,333.539672851562,13.0745298918124,-4.64357852935791,0,0,-1.00596884024774,332.084099183069,1.00742588191214,0.144734914956733,389.969177246094,4.0219030380249,3.57529377937317,0,0,1.29338805380196,393.143671600731,0.638778157689661,-2.18831432475584,1.10201139272412,0,-0,-3.29032571747996,-1.00596884024774,1.00742588191214,0,0.144734914956733,0,-0,-2.15812963711662
1990,12,332.626678466797,21.0962053829792,-4.05172109603882,0,0,-2.28709291390989,333.203851302866,0.995410580779812,332.626678466797,21.0962053829792,-4.05172109603882,0,0,-1.0906750995133,332.886080617983,0.927086397238152,0.138610554339766,389.054260253906,3.34459328651428,2.59047675132751,0,0,1.25339965979209,393.526382468667,0.611748689415865,-2.28709291390989,0.995410580779812,0,-0,-3.2825034946897,-1.0906750995133,0.927086397238152,0,0.138610554339766,0,-0,-2.15637205109122
1991,3,331.365783691406,25.3437066004277,-3.43104720115662,0,1,-2.33510445607977,333.954980176651,0.930467944576023,331.365783691406,25.3437066004277,-3.43104720115662,0,1,-1.12502477678766,333.691692059653,0.887655705065551,0.136148101195973,388.585113525391,3.53483724594116,2.48343753814697,0,0,1.23216130590393,393.952841925061,0.600880812213885,-2.33510445607977,0.930467944576023,0,-0,-3.26557240065579,-1.12502477678766,0.887655705065551,0,0.136148101195973,0,-0,-2.14882858304919
1991,6,331.409210205078,13.4827567319551,-5.9765510559082,0,0,-2.34625022743433,334.894907455381,0.898180129131349,331.409210205078,13.4827567319551,-5.9765510559082,0,0,-1.13359416495052,334.645163448786,0.869687059721936,0.136102796530718,389.36181640625,3.07157850265503,2.0353946685791,0,0,1.22198283691239,394.585649217945,0.600680863012856,-2.34625022743433,0.898180129131349,0,-0,-3.24443035656568,-1.13359416495052,0.869687059721936,0,0.136102796530718,0,-0,-2.13938402120317
1991,9,331.772369384766,12.5715728132379,-9.44018363952637,0,0,-2.38340045582853,335.682938221772,0.838524206626378,331.772369384766,12.5715728132379,-9.44018363952637,0,0,-1.17716920593159,335.453366624716,0.817854009122797,0.134942750364394,389.866058349609,3.58539938926697,1.82766544818878,0,0,1.20678933755344,395.112248431285,0.595561074514133,-2.38340045582853,0.838524206626378,0,-0,-3.2219246624549,-1.17716920593159,0.817854009122797,0,0.134942750364394,0,-0,-2.12996596541878
1991,12,333.417022705078,8.93258565518295,-9.90613842010498,0,0,-2.42327816231643,336.705666253774,0.775578789210606,333.417022705078,8.93258565518295,-9.90613842010498,0,0,-1.22498523892644,336.423654028353,0.761484658732678,0.134509848149214,390.213653564453,3.13477063179016,1.32475316524506,0,0,1.19573415778323,395.582743095189,0.59365048867135,-2.42327816231643,0.775578789210606,0,-0,-3.19885695152704,-1.22498523892644,0.761484658732678,0,0.134509848149214,0,-0,-2.12097974580833
1992,3,333.236877441406,4.88504417646219,-9.81038665771484,0,0,-2.53296295852188,337.156463865709,0.638404769617565,333.236877441406,4.88504417646219,-9.81038665771484,0,0,-1.33734198529665,336.944757590477,0.636602183777724,0.135584454343351,391.403747558594,3.04982948303223,0.454314708709717,0,0,1.19129583942919,396.216881625848,0.598393193395627,-2.53296295852188,0.638404769617565,0,-0,-3.17136772813944,-1.33734198529665,0.636602183777724,0,0.135584454343351,0,-0,-2.10952862341773
1992,6,331.422729492188,10.9842571113458,-6.17112255096436,0,0,-2.58200959047423,337.158287827529,0.550622115396335,331.422729492188,10.9842571113458,-6.17112255096436,0,0,-1.39977876336867,337.106494502525,0.555126207584378,0.135444923549709,392.482269287109,2.81307339668274,0.205147206783295,0,0,1.18085125072915,396.774607449048,0.597777383289746,-2.58200959047423,0.550622115396335,0,-0,-3.13263170587056,-1.39977876336867,0.555126207584378,0,0.135444923549709,0,-0,-2.09034989450276
1992,9,332.141540527344,10.2217314355464,-1.73753428459167,0,0,-2.48709649159687,337.812333416936,0.600870439158468,332.141540527344,10.2217314355464,-1.73753428459167,0,0,-1.33225238115114,337.764812998186,0.599551837188287,0.135438339569571,393.466064453125,2.3625819683075,-0.141362249851227,0,0,1.17102579039576,397.308501373827,0.597748325320533,-2.48709649159687,0.600870439158468,0,-0,-3.08796693075534,-1.33225238115114,0.599551837188287,0,0.135438339569571,0,-0,-2.067242557909
1992,12,333.084625244141,7.19790308992732,-0.912879586219788,0,0,-2.41918720711179,338.386229046968,0.624582268288886,333.084625244141,7.19790308992732,-0.912879586219788,0,0,-1.28962566750807,338.359286173473,0.619241306603603,0.135961809369652,394.502807617188,2.92038321495056,-0.111699491739273,0,0,1.16373072941197,397.898096501971,0.600058625323834,-2.41918720711179,0.624582268288886,0,-0,-3.04376947540068,-1.28962566750807,0.619241306603603,0,0.135961809369652,0,-0,-2.04482878348133
1993,3,333.891723632812,1.65707290732578,-0.727376520633698,0,0,-2.35074672603464,338.942839857675,0.648773586286326,333.891723632812,1.65707290732578,-0.727376520633698,0,0,-1.24509015820646,338.942793687372,0.641225325190249,0.136294285279664,394.670318603516,2.74875521659851,-0.229674726724625,0,0,1.1569450955482,398.315544689381,0.601525986183771,-2.35074672603464,0.648773586286326,0,-0,-2.99952031232096,-1.24509015820646,0.641225325190249,0,0.136294285279664,0,-0,-2.02260976867637
1993,6,334.017700195312,7.3643307726672,-0.552319169044495,0,0,-2.26857160926321,339.436233165324,0.685317126649247,334.017700195312,7.3643307726672,-0.552319169044495,0,0,-1.18326224274366,339.50295903656,0.677081340322364,0.139393108981851,395.250122070312,3.02484250068665,-0.327130645513535,0,0,1.16408820212555,398.8654383704,0.615202443561588,-2.26857160926321,0.685317126649247,0,-0,-2.95388873591246,-1.18326224274366,0.677081340322364,0,0.139393108981851,0,-0,-1.99973669204787
1993,9,334.480438232422,10.9515256111276,0.0494751371443272,0,0,-2.14734117161381,340.101607766689,0.759414809965006,334.480438232422,10.9515256111276,0.0494751371443272,0,0,-1.0879220434585,340.205514519846,0.74515203663301,0.143177641412887,395.726531982422,2.23010635375977,-0.222918003797531,0,0,1.17540910511705,399.353013698401,0.631905231929803,-2.14734117161381,0.759414809965006,0,-0,-2.90675598157881,-1.0879220434585,0.74515203663301,0,0.143177641412887,0,-0,-1.9762517215044
1993,12,336.060974121094,8.94469324426057,1.07083654403687,0,0,-2.02106866925864,341.087676466685,0.840277803350384,336.060974121094,8.94469324426057,1.07083654403687,0,0,-0.988173303099252,341.16735784511,0.817570522082262,0.148804645204473,397.077697753906,2.05203461647034,-0.00404837355017662,0,0,1.19509131533008,400.043494795297,0.656739648120095,-2.02106866925864,0.840277803350384,0,-0,-2.86134647260903,-0.988173303099252,0.817570522082262,0,0.148804645204473,0,-0,-1.95454847038599
1994,3,337.266632080078,23.7736240694567,1.81313979625702,0,1,-1.9545452184833,341.954760483711,0.863620287061794,337.266632080078,23.7736240694567,1.81313979625702,0,1,-0.947264886997888,342.035292832218,0.834345555966096,0.153212900394613,398.043090820312,1.8110032081604,-0.088861845433712,0,0,1.20920192190365,400.63128207317,0.67619519642249,-1.9545452184833,0.863620287061794,0,-0,-2.8181655055451,-0.947264886997888,0.834345555966096,0,0.153212900394613,0,-0,-1.9348233433586
1994,6,338.529357910156,7.46489448024366,-0.36824357509613,0,0,-1.90980729054173,342.824040574956,0.866674404151398,338.529357910156,7.46489448024366,-0.36824357509613,0,0,-0.926447691548799,342.900530012156,0.831461261505372,0.158449844976859,399.389678955078,2.68254065513611,0.622413277626038,0,0,1.22692265317937,401.366684794694,0.699308111596894,-1.90980729054173,0.866674404151398,0,-0,-2.77648169469313,-0.926447691548799,0.831461261505372,0,0.158449844976859,0,-0,-1.91635879803103
1994,9,339.041442871094,6.41198964635389,-5.12570858001709,0,0,-1.88470725017481,343.459606223702,0.850696934965056,339.041442871094,6.41198964635389,-5.12570858001709,0,0,-0.925792055026303,343.569509339557,0.810108724314796,0.162482105582218,399.972442626953,2.22696471214294,1.14672160148621,0,0,1.23971724058711,401.944740738525,0.717104232191471,-1.88470725017481,0.850696934965056,0,-0,-2.73540418513987,-0.925792055026303,0.810108724314796,0,0.162482105582218,0,-0,-1.89838288492332
1994,12,340.689971923828,4.33333823673438,-3.70408797264099,0,0,-1.82346973899495,344.36195394442,0.87184695719914,340.689971923828,4.33333823673438,-3.70408797264099,0,0,-0.887479938204527,344.443422360076,0.825414075751387,0.168216096922676,401.110992431641,2.0271999835968,1.73539078235626,0,0,1.26040122547567,402.729137181163,0.742410830988048,-1.82346973899495,0.87184695719914,0,-0,-2.69531669619409,-0.887479938204527,0.825414075751387,0,0.168216096922676,0,-0,-1.88111011087859
1995,3,341.951019287109,7.05897920900163,-0.720232605934143,0,0,-1.78954654743153,345.134148705697,0.866449241747383,341.951019287109,7.05897920900163,-0.720232605934143,0,0,-0.874037199414196,345.204323880206,0.817661726732673,0.172618617705324,401.465850830078,2.09077000617981,2.17099452018738,0,0,1.27568158262134,403.378936931362,0.761841070854985,-1.78954654743153,0.866449241747383,0,-0,-2.65599578917891,-0.874037199414196,0.817661726732673,0,0.172618617705324,0,-0,-1.86431754385219
1995,6,342.428802490234,7.82011762360146,0.385302275419235,0,0,-1.74422821760072,345.71228980991,0.87037280898073,342.428802490234,7.82011762360146,0.385302275419235,0,0,-0.844010703379379,345.830337817399,0.823516338408522,0.178382499659395,401.763122558594,2.36793756484985,2.44732427597046,0,0,1.29830843642881,404.057890214023,0.78727958993563,-1.74422821760072,0.87037280898073,0,-0,-2.61460102658145,-0.844010703379379,0.823516338408522,0,0.178382499659395,0,-0,-1.8459095414473
1995,9,344.277069091797,9.89639376571808,0.639701306819916,0,0,-1.64316050792768,346.800516606765,0.931002827630423,344.277069091797,9.89639376571808,0.639701306819916,0,0,-0.759780850282954,346.872231730634,0.883386520615072,0.185256705609435,402.6103515625,1.90228998661041,2.42128491401672,0,0,1.32613861340934,404.884462424335,0.817618451941789,-1.64316050792768,0.931002827630423,0,-0,-2.5741633355581,-0.759780850282954,0.883386520615072,0,0.185256705609435,0,-0,-1.82842407650746
1995,12,345.004272460938,9.3072353983191,0.315461307764053,0,0,-1.60552607517396,347.500648494833,0.929927989886964,345.004272460938,9.3072353983191,0.315461307764053,0,0,-0.737989767541535,347.612368959683,0.883276392801012,0.19119838768533,403.287506103516,2.00056600570679,2.71342253684998,0,0,1.34980222328477,405.672681455316,0.843841680325574,-1.60552607517396,0.929927989886964,0,-0,-2.53545406506093,-0.737989767541535,0.883276392801012,0,0.19119838768533,0,-0,-1.81246454802788
1996,3,347.068572998047,9.10299746091157,0.00551007175818086,0,0,-1.53244180676618,348.620097816171,0.966579207763607,347.068572998047,9.10299746091157,0.00551007175818086,0,0,-0.683197688632893,348.683263710569,0.917924925777676,0.197292944957668,404.033325195312,1.5696028470993,2.33700060844421,0,0,1.37431563689435,406.469022926128,0.870739613471299,-1.53244180676618,0.966579207763607,0,-0,-2.49902101452978,-0.683197688632893,0.917924925777676,0,0.197292944957668,0,-0,-1.79841555936824
1996,6,348.531219482422,7.16873867893526,-0.383811235427856,0,0,-1.5262005851285,349.519797310588,0.939824522188923,348.531219482422,7.16873867893526,-0.383811235427856,0,0,-0.691574256621591,349.58315435006,0.891986419211365,0.203632808489227,405.687316894531,1.89742207527161,2.21191143989563,0,0,1.39878412074081,407.486318737834,0.8987201898782,-1.5262005851285,0.939824522188923,0,-0,-2.46602510731743,-0.691574256621591,0.891986419211365,0,0.203632808489227,0,-0,-1.78719348432218
1996,9,349.666107177734,5.6602738535736,-1.02021884918213,0,0,-1.53098752982656,350.320061300775,0.903075526848462,349.666107177734,5.6602738535736,-1.02021884918213,0,0,-0.715164044097866,350.38508391379,0.854655871206509,0.207012321413201,406.580993652344,1.82047927379608,2.22205924987793,0,0,1.40929331256063,408.328351812028,0.913635450927062,-1.53098752982656,0.903075526848462,0,-0,-2.43406305667502,-0.715164044097866,0.854655871206509,0,0.207012321413201,0,-0,-1.77683223671758
1996,12,351.074768066406,4.54885117952753,-1.12508523464203,0,0,-1.53128873702697,351.163103581739,0.872493096673692,351.074768066406,4.54885117952753,-1.12508523464203,0,0,-0.732241978058425,351.216543730998,0.824763654573649,0.210735295813107,407.613922119141,2.27064609527588,2.23103094100952,0,0,1.4213970175513,409.260891170506,0.930066556918375,-1.53128873702697,0.872493096673692,0,-0,-2.40378183370066,-0.732241978058425,0.824763654573649,0,0.210735295813107,0,-0,-1.76774092844518
1997,3,352.153686523438,5.14345181447109,-0.147445529699326,0,0,-1.54563915103245,351.81433859208,0.829625317777311,352.153686523438,5.14345181447109,-0.147445529699326,0,0,-0.762723410026844,351.886370704946,0.783688393013261,0.213564764775745,408.25732421875,1.56831002235413,2.09291863441467,0,0,1.42974670906066,410.082337290947,0.942554234627198,-1.54563915103245,0.829625317777311,0,-0,-2.37526446880976,-0.762723410026844,0.783688393013261,0,0.213564764775745,0,-0,-1.75997656781585
1997,6,354.068969726562,6.02434228812511,0.0873640701174736,0,0,-1.53700313553916,352.767855613501,0.81256157987963,354.068969726562,6.02434228812511,0.0873640701174736,0,0,-0.76846453920695,352.799316073756,0.768520872554153,0.217412395361932,409.908416748047,2.08161902427673,2.41810727119446,0,0,1.44184809834,411.142070525721,0.959535502609771,-1.53700313553916,0.81256157987963,0,-0,-2.34956471541879,-0.76846453920695,0.768520872554153,0,0.217412395361932,0,-0,-1.75439780712304
1997,9,353.843444824219,7.47865494363419,0.463316857814789,0,0,-1.58199183490037,353.017613610474,0.742169794967419,353.843444824219,7.47865494363419,0.463316857814789,0,0,-0.829616631229415,353.143673236118,0.700907680317462,0.218489351091794,411.149353027344,0.932803511619568,2.71766972541809,0,0,1.44039348158005,412.090627303029,0.964288576857543,-1.58199183490037,0.742169794967419,0,-0,-2.32416162986778,-0.829616631229415,0.700907680317462,0,0.218489351091794,0,-0,-1.74901366263867
1997,12,356.4306640625,7.56194359796781,0.23089724779129,0,0,-1.52045972170435,354.349880796926,0.780869443657612,356.4306640625,7.56194359796781,0.23089724779129,0,0,-0.789570535990478,354.327034618442,0.737066928031945,0.218891989727651,411.999694824219,1.26385176181793,2.93935918807983,0,0,1.43581266030571,412.998678857448,0.966065596356291,-1.52045972170435,0.780869443657612,0,-0,-2.30132916536196,-0.789570535990478,0.737066928031945,0,0.218891989727651,0,-0,-1.74552945375007
1998,3,354.063385009766,8.99101001434808,-1.60073602199554,0,0,-1.61139212709929,354.337954675533,0.664417929736658,354.063385009766,8.99101001434808,-1.60073602199554,0,0,-0.89187231612919,354.473902822276,0.628944488459713,0.219333426085697,412.998077392578,1.1768000125885,2.96884703636169,0,0,1.43117674963549,413.946651299087,0.968013847084967,-1.61139212709929,0.664417929736658,0,-0,-2.27581005683595,-0.89187231612919,0.628944488459713,0,0.219333426085697,0,-0,-1.7401502306746
1998,6,352.925506591797,13.2542252260578,-0.876103937625885,0,0,-1.52213325359033,354.860692486036,0.719736954007305,352.925506591797,13.2542252260578,-0.876103937625885,0,0,-0.831789138338221,355.040110983193,0.677673350805766,0.219150934255582,413.919525146484,1.22306394577026,2.90989804267883,0,0,1.42323027769642,414.856030080821,0.967208431231655,-1.52213325359033,0.719736954007305,0,-0,-2.24187020759764,-0.831789138338221,0.677673350805766,0,0.219150934255582,0,-0,-1.72861342339957
1998,9,353.944702148438,9.11097494189155,0.0440945997834206,0,0,-1.39846061604713,355.893764334444,0.810323471435527,353.944702148438,9.11097494189155,0.0440945997834206,0,0,-0.744382157775735,355.996126460896,0.754626310596996,0.218881265650348,415.171295166016,1.41731715202332,3.0213668346405,0,0,1.41393821678347,415.817985460052,0.966018266336821,-1.39846061604713,0.810323471435527,0,-0,-2.20878408748266,-0.744382157775735,0.754626310596996,0,0.218881265650348,0,-0,-1.71788973402308
1998,12,353.725067138672,7.4669024513554,0.581911385059357,0,0,-1.34901704806258,356.435315025483,0.826752671922745,353.725067138672,7.4669024513554,0.581911385059357,0,0,-0.728077161446116,356.567786536293,0.761571723089882,0.217505780331064,416.767547607422,1.27341103553772,2.58969473838806,0,0,1.39794811631251,416.846025935607,0.959947651112817,-1.34901704806258,0.826752671922745,0,-0,-2.17576971998532,-0.728077161446116,0.761571723089882,0,0.217505780331064,0,-0,-1.70715466486706
1999,3,355.137634277344,6.18266221807055,0.193814441561699,0,0,-1.24313263766783,357.483262136981,0.899852434703532,355.137634277344,6.18266221807055,0.193814441561699,0,0,-0.660263172962369,357.526804376954,0.822193049545537,0.213917876919202,417.702362060547,1.00170707702637,2.31248021125793,0,0,1.37100926375676,417.728008648119,0.944112672164697,-1.24313263766783,0.899852434703532,0,-0,-2.14298507237137,-0.660263172962369,0.822193049545537,0,0.213917876919202,0,-0,-1.69637409942711
1999,6,355.959320068359,2.63236390363738,-1.20085394382477,0,0,-1.19856177321592,358.23285239478,0.91375880779395,355.959320068359,2.63236390363738,-1.20085394382477,0,0,-0.645943383550556,358.256126205779,0.830533564658942,0.210435068571422,418.533264160156,1.38612937927246,2.22590923309326,0,0,1.34426378315724,418.576472066453,0.928741523464011,-1.19856177321592,0.91375880779395,0,-0,-2.11232058100987,-0.645943383550556,0.830533564658942,0,0.210435068571422,0,-0,-1.68691201678092
1999,9,357.539520263672,4.39948283500261,-1.6945972442627,0,0,-1.13336457376386,359.203496840214,0.949752418436758,357.539520263672,4.39948283500261,-1.6945972442627,0,0,-0.608463034755507,359.16752685004,0.86255030187109,0.207260393949788,419.851013183594,1.46999669075012,2.57707810401917,0,0,1.31780995501286,419.492793547994,0.914730302973935,-1.13336457376386,0.949752418436758,0,-0,-2.08311699220061,-0.608463034755507,0.86255030187109,0,0.207260393949788,0,-0,-1.67827373057639
1999,12,358.888854980469,5.17480403362413,-2.04315638542175,0,0,-1.09665401629621,360.094264000774,0.958955486425156,358.888854980469,5.17480403362413,-2.04315638542175,0,0,-0.597311720891774,360.016439186388,0.870362263134261,0.202896788983471,421.478302001953,1.87719976902008,2.67469429969788,0,0,1.28407387019335,420.484625220315,0.895471815537766,-1.09665401629621,0.958955486425156,0,-0,-2.05560950272136,-0.597311720891774,0.870362263134261,0,0.202896788983471,0,-0,-1.67057077300951
2000,3,359.854614257812,11.610941620729,2.20940709114075,0,0,-1.06080995305984,360.942387240918,0.966850019864068,359.854614257812,11.610941620729,2.20940709114075,0,0,-0.587089862874469,360.82746886473,0.878948719335557,0.195986188789913,421.839935302734,2.09063911437988,3.06024765968323,0,0,1.23840966684097,421.149393728461,0.86497232989886,-1.06080995305984,0.966850019864068,0,-0,-2.02765997292391,-0.587089862874469,0.878948719335557,0,0.195986188789913,0,-0,-1.66202477099994
2000,6,361.200988769531,5.23192298043512,2.73927092552185,0,0,-1.01478887089644,361.930462441673,0.985315501812963,361.200988769531,5.23192298043512,2.73927092552185,0,0,-0.560139740313349,361.770533396393,0.901803750153502,0.191398927116838,423.645141601562,1.39305639266968,3.63055109977722,0,0,1.20156934908738,422.187362985119,0.844726748096823,-1.01478887089644,0.985315501812963,0,-0,-2.0001043727094,-0.560139740313349,0.901803750153502,0,0.191398927116838,0,-0,-1.65334241758369
2000,9,361.769409179688,4.89774112464082,3.07192182540894,0,0,-0.990984138770249,362.791463261091,0.982228208993674,361.769409179688,4.89774112464082,3.07192182540894,0,0,-0.558229147186623,362.60280122142,0.903891213546282,0.182612563302332,423.746978759766,1.92516613006592,3.74776244163513,0,0,1.14498846136483,422.811385309382,0.805948701404364,-0.990984138770249,0.982228208993674,0,-0,-1.97321234776392,-0.558229147186623,0.903891213546282,0,0.182612563302332,0,-0,-1.64473292403524
2000,12,361.992980957031,8.76647586304436,4.71880054473877,0,0,-0.954126051287995,363.671294501394,0.99144890302756,361.992980957031,8.76647586304436,4.71880054473877,0,0,-0.536672440009472,363.479273330696,0.92242031097929,0.176130621908797,424.342590332031,1.97602581977844,3.68028330802917,0,0,1.098694649538,423.617072651195,0.777341073570735,-0.954126051287995,0.99144890302756,0,-0,-1.94557495431555,-0.536672440009472,0.92242031097929,0,0.176130621908797,0,-0,-1.63522337289756
2001,3,362.432861328125,4.99777909133079,0.413955390453339,0,0,-0.909501884305665,364.570947644364,1.00886216866914,362.432861328125,4.99777909133079,0.413955390453339,0,0,-0.509999538721064,364.371948670802,0.947414992960366,0.168472371500159,424.013854980469,2.59208202362061,3.12917280197144,0,0,1.04739939153141,424.172637572562,0.743541882210317,-0.909501884305665,1.00886216866914,0,-0,-1.9183640529748,-0.509999538721064,0.947414992960366,0,0.168472371500159,0,-0,-1.62588690318159
2001,6,364.0205078125,3.64957500847697,-0.271927952766418,0,0,-0.864587410923705,365.730120041964,1.029904848083,364.0205078125,3.64957500847697,-0.271927952766418,0,0,-0.477983785094299,365.487394502109,0.977787845427235,0.163254094805209,424.636596679688,1.50943696498871,1.8065037727356,0,0,1.00694389267032,424.960929474475,0.720511356545442,-0.864587410923705,1.029904848083,0,-0,-1.89449225900671,-0.477983785094299,0.977787845427235,0,0.163254094805209,0,-0,-1.61902572532674
2001,9,365.04833984375,5.14873299949026,-0.550246715545654,0,0,-0.879116221414913,366.677238376421,0.993783821005807,365.04833984375,5.14873299949026,-0.550246715545654,0,0,-0.504000477229674,366.432597145496,0.953625671437034,0.156283832450772,424.235015869141,1.03103744983673,1.07630443572998,0,0,0.959204267114771,425.445119044924,0.689748555829996,-0.879116221414913,0.993783821005807,0,-0,-1.87290004242072,-0.504000477229674,0.953625671437034,0,0.156283832450772,0,-0,-1.61390998111748
2001,12,365.345001220703,3.31909154810968,-0.745116770267487,0,0,-0.898425585192561,367.395431667584,0.951382773571697,365.345001220703,3.31909154810968,-0.745116770267487,0,0,-0.529837901460813,367.223508341131,0.925670737451995,0.152283172550704,424.509704589844,1.92566728591919,0.231597751379013,0,0,0.92578239668387,426.035989192343,0.672091902898172,-0.898425585192561,0.951382773571697,0,-0,-1.84980835876426,-0.529837901460813,0.925670737451995,0,0.152283172550704,0,-0,-1.60779181146351
2002,3,366.228546142578,0.763233055344841,0.780463218688965,0,0,-0.875269807115558,368.219132934613,0.950776998312542,366.228546142578,0.763233055344841,0.780463218688965,0,0,-0.519545094579163,368.100589312223,0.932898177365581,0.148980554437097,425.342498779297,1.22611713409424,-0.677904427051544,0,0,0.895242519836726,426.681905051159,0.657516012106421,-0.875269807115558,0.950776998312542,0,-0,-1.8260468054281,-0.519545094579163,0.932898177365581,0,0.148980554437097,0,-0,-1.60142382638184
2002,6,367.344177246094,4.13273460724105,0.606651127338409,0,0,-0.84114074556095,369.11819406861,0.962295552745697,367.344177246094,4.13273460724105,0.606651127338409,0,0,-0.502528498130782,369.037411289506,0.948280246481426,0.145265424866363,425.952911376953,2.19486474990845,-0.671096861362457,0,0,0.862992620609016,427.249267019123,0.641119528759737,-0.84114074556095,0.962295552745697,0,-0,-1.80343629830665,-0.502528498130782,0.948280246481426,0,0.145265424866363,0,-0,-1.59607416947857
2002,9,367.968200683594,2.94952275695442,0.77470988035202,0,0,-0.810912439167351,369.826110937528,0.970226598438933,367.968200683594,2.94952275695442,0.77470988035202,0,0,-0.4898728251853,369.830675163701,0.958810598485679,0.142338257639423,426.358703613281,2.1280689239502,-0.638852000236511,0,0,0.835304595663778,427.781691775904,0.628200666099452,-0.810912439167351,0.970226598438933,0,-0,-1.78113903760628,-0.4898728251853,0.958810598485679,0,0.142338257639423,0,-0,-1.5910216813104
2002,12,369.856903076172,1.74875200531875,0.946452379226685,0,0,-0.737537064167441,370.921999509378,1.0235324975078,369.856903076172,1.74875200531875,0.946452379226685,0,0,-0.436335711616031,370.933201729307,1.01075419649085,0.140658158806333,426.482574462891,1.41924703121185,-0.745612144470215,0,0,0.814795824786148,428.253596297447,0.620785658893629,-0.737537064167441,1.0235324975078,0,-0,-1.76106956167524,-0.436335711616031,1.01075419649085,0,0.140658158806333,0,-0,-1.58774806691321
2003,3,370.626495361328,0.747436089916754,1.59300172328949,0,0,-0.707655303183358,371.689881258469,1.03513011014841,370.626495361328,0.747436089916754,1.59300172328949,0,0,-0.422242020175595,371.797054210585,1.02270805144791,0.141068727265411,427.007415771484,1.23220467567444,-0.900479078292847,0,0,0.804836964618944,428.794027295627,0.622597676152726,-0.707655303183358,1.03513011014841,0,-0,-1.74278541333177,-0.422242020175595,1.02270805144791,0,0.141068727265411,0,-0,-1.58601879888892
2003,6,371.451232910156,4.9326840839388,2.07347941398621,0,0,-0.628949782220082,372.545700401638,1.09521649857229,371.451232910156,4.9326840839388,2.07347941398621,0,0,-0.365695560015548,372.742012407142,1.07626783796827,0.142312013881674,427.8896484375,1.51333403587341,-0.716017663478851,0,0,0.798856084788078,429.351444100501,0.62808484097715,-0.628949782220082,1.09521649857229,0,-0,-1.72416628079237,-0.365695560015548,1.07626783796827,0,0.142312013881674,0,-0,-1.58427541186549
2003,9,373.555603027344,1.47262620423481,1.96091187000275,0,0,-0.518244291292151,373.734409857752,1.19073265101283,373.555603027344,1.47262620423481,1.96091187000275,0,0,-0.283321061269907,373.947730707855,1.15793754081334,0.143990745753046,429.5390625,1.82670617103577,-0.707763850688934,0,0,0.793833478780262,430.069386032904,0.635493815186109,-0.518244291292151,1.19073265101283,0,-0,-1.70897694230499,-0.283321061269907,1.15793754081334,0,0.143990745753046,0,-0,-1.58524934783629
2003,12,375.548095703125,2.77876145488539,1.76351416110992,0,0,-0.441914240113737,374.892137023468,1.25666977390358,375.548095703125,2.77876145488539,1.76351416110992,0,0,-0.236910716248438,375.118781985876,1.20923727601464,0.14353661119098,430.693237304688,1.78811538219452,-0.729076087474823,0,0,0.778437180239162,430.696414827956,0.633489521757764,-0.441914240113737,1.25666977390358,0,-0,-1.69858401401732,-0.236910716248438,1.20923727601464,0,0.14353661119098,0,-0,-1.58968460345406
2004,3,377.49072265625,4.59514796211945,2.75701856613159,0,0,-0.372393979589764,376.182744813189,1.318871638464,377.49072265625,4.59514796211945,2.75701856613159,0,0,-0.19433247105079,376.397482453979,1.25916528584858,0.142661616945744,431.258178710938,2.19479560852051,-0.943215429782867,0,0,0.761704250247517,431.235597259303,0.629627791420423,-0.372393979589764,1.318871638464,0,-0,-1.69126561805376,-0.19433247105079,1.25916528584858,0,0.142661616945744,0,-0,-1.59615937384511
2004,6,378.346008300781,5.95706128025403,2.9341607093811,0,0,-0.323920491448575,377.278785166694,1.36072397534061,378.346008300781,5.95706128025403,2.9341607093811,0,0,-0.16850623788331,377.537633200715,1.29170420949185,0.142794687644251,432.030334472656,2.27918171882629,-1.04523694515228,0,0,0.750033990100623,431.832776456718,0.630215090315513,-0.323920491448575,1.36072397534061,0,-0,-1.68464446678919,-0.16850623788331,1.29170420949185,0,0.142794687644251,0,-0,-1.60300513501941
2004,9,379.887603759766,9.51355737970174,3.48796629905701,0,0,-0.236483593351851,378.75017867686,1.44236139535443,379.887603759766,9.51355737970174,3.48796629905701,0,0,-0.107227600095067,378.976275948814,1.36032674151131,0.142877179631392,432.973999023438,1.42948412895203,-0.899122893810272,0,0,0.738087160189887,432.446240277094,0.630579163349209,-0.236483593351851,1.44236139535443,0,-0,-1.67884498870628,-0.107227600095067,1.36032674151131,0,0.142877179631392,0,-0,-1.61043152123776
2004,12,381.000549316406,6.86280614944641,2.5280396938324,0,0,-0.189785150082168,380.118946051582,1.48501775054801,381.000549316406,6.86280614944641,2.5280396938324,0,0,-0.0857589895122415,380.330053083459,1.39073961745004,0.142603627443541,433.989288330078,2.16268920898438,-0.450220346450806,0,0,0.72427226222333,433.064162466603,0.629371858514438,-0.189785150082168,1.48501775054801,0,-0,-1.67480290063018,-0.0857589895122415,1.39073961745004,0,0.142603627443541,0,-0,-1.61910223440582
2005,3,382.481628417969,7.15828187423927,0.323490083217621,0,0,-0.146217251047339,381.687230611545,1.52589555760557,382.481628417969,7.15828187423927,0.323490083217621,0,0,-0.0670145530020965,381.83574993198,1.41975440969689,0.141851946250007,435.092254638672,2.83665990829468,0.133650705218315,0,0,0.707841962215507,433.731263589203,0.626054362331023,-0.146217251047339,1.52589555760557,0,-0,-1.67211280865291,-0.0670145530020965,1.41975440969689,0,0.141851946250007,0,-0,-1.628620908949
2005,6,383.370544433594,5.5455317895817,-0.00444711232557893,0,0,-0.145430355536212,383.071926055879,1.52435642243138,383.370544433594,5.5455317895817,-0.00444711232557893,0,0,-0.0887142223508262,383.185187201367,1.40960436910936,0.139832817419867,435.583953857422,1.97652423381805,0.448179244995117,0,0,0.685859326710625,434.269616297654,0.617143068227314,-0.145430355536212,1.52435642243138,0,-0,-1.66978677796759,-0.0887142223508262,1.40960436910936,0,0.139832817419867,0,-0,-1.63815140888005
2005,9,384.441284179688,6.13772391838824,-0.443528354167938,0,0,-0.137417566897545,384.510742126656,1.52910874471609,384.441284179688,6.13772391838824,-0.443528354167938,0,0,-0.099971473310144,384.577162166778,1.40815628608182,0.138560318807774,436.364685058594,1.55542147159576,0.841570913791656,0,0,0.667203210706741,434.895058270524,0.611526978154379,-0.137417566897545,1.52910874471609,0,-0,-1.66652631161364,-0.099971473310144,1.40815628608182,0,0.138560318807774,0,-0,-1.64668807819974
2005,12,385.707061767578,6.68302189231431,-0.366896092891693,0,0,-0.136466681089375,385.969430511085,1.52650315757225,385.707061767578,6.68302189231431,-0.366896092891693,0,0,-0.117560850881981,385.975224494249,1.40073780850649,0.136424087734102,436.918365478516,2.66487193107605,0.9657142162323,0,0,0.644328057815972,435.437654975967,0.602098860895681,-0.136466681089375,1.52650315757225,0,-0,-1.66296983866162,-0.117560850881981,1.40073780850649,0,0.136424087734102,0,-0,-1.65472274712257
2006,3,387.091094970703,6.99176168404347,0.929314613342285,0,0,-0.148837479959571,387.412586549699,1.51050392821356,387.091094970703,6.99176168404347,0.929314613342285,0,0,-0.144885301501236,387.360291284022,1.38295783343915,0.13452853309333,438.254791259766,2.30962657928467,2.11477851867676,0,0,0.621220211734853,436.172046567685,0.593732953460047,-0.148837479959571,1.51050392821356,0,-0,-1.65934140817313,-0.144885301501236,1.38295783343915,0,0.13452853309333,0,-0,-1.66237166803371
2006,6,388.588317871094,3.98951221849606,0.502950489521027,0,0,-0.175149521972455,388.861360796195,1.48086075200332,388.588317871094,3.98951221849606,0.502950489521027,0,0,-0.187001059087744,388.730476130535,1.35319823069007,0.12959667324089,438.513702392578,3.17381858825684,2.47164940834045,0,0,0.583824920558054,436.677903128218,0.571966509948703,-0.175149521972455,1.48086075200332,0,-0,-1.65601027397577,-0.187001059087744,1.35319823069007,0,0.12959667324089,0,-0,-1.66979596301871
2006,9,389.246063232422,2.50298479132643,-0.251779466867447,0,0,-0.221722796422759,389.94926007098,1.43026936298726,389.246063232422,2.50298479132643,-0.251779466867447,0,0,-0.24265806851135,389.824156335138,1.30827042280767,0.125271667029732,438.663024902344,2.14888429641724,2.5311496257782,0,0,0.549340296220059,437.168176431036,0.552878375614385,-0.221722796422759,1.43026936298726,0,-0,-1.65199215941002,-0.24265806851135,1.30827042280767,0,0.125271667029732,0,-0,-1.67620015834876
2006,12,391.661468505859,4.54078398631465,0.0369432754814625,0,0,-0.213125246000863,391.500361196911,1.43677704890641,391.661468505859,4.54078398631465,0.0369432754814625,0,0,-0.243987460445579,391.283146260982,1.31841282182874,0.121288013254388,439.519256591797,1.71926856040955,2.93432521820068,0,0,0.515136909198053,437.80251383218,0.535296778110783,-0.213125246000863,1.43677704890641,0,-0,-1.64990229490727,-0.243987460445579,1.31841282182874,0,0.121288013254388,0,-0,-1.6836882955287
2007,3,393.297576904297,1.64266792391344,2.22151970863342,0,0,-0.27008950333691,392.684802740172,1.38077114367112,393.297576904297,1.64266792391344,2.22151970863342,0,0,-0.308048925258153,392.442592925586,1.2700475998274,0.114935948248535,439.819458007812,2.74871253967285,2.91622185707092,0,0,0.46910679542394,438.270985426969,0.507262351288638,-0.27008950333691,1.38077114367112,0,-0,-1.65086064700803,-0.308048925258153,1.2700475998274,0,0.114935948248535,0,-0,-1.69303247333409
2007,6,394.736114501953,1.76994821599688,2.36224889755249,0,0,-0.305899411878458,393.859741347051,1.34661815403258,394.736114501953,1.76994821599688,2.36224889755249,0,0,-0.348018871426194,393.608412887928,1.24583325144398,0.108582807046946,440.429229736328,1.66132593154907,2.88079071044922,0,0,0.421896319030431,438.790476153536,0.479223174746429,-0.305899411878458,1.34661815403258,0,-0,-1.65251756591103,-0.348018871426194,1.24583325144398,0,0.108582807046946,0,-0,-1.70243492991712
2007,9,395.649505615234,3.91822456786197,1.97281205654144,0,0,-0.326446017855095,394.861591467276,1.32852138579642,395.649505615234,3.91822456786197,1.97281205654144,0,0,-0.375110147200638,394.640550819538,1.23608059241244,0.10084659004371,441.003753662109,1.95948421955109,2.66522550582886,0,0,0.366814638637016,439.255156131494,0.445079882878729,-0.326446017855095,1.32852138579642,0,-0,-1.65496740365152,-0.375110147200638,1.23608059241244,0,0.10084659004371,0,-0,-1.71203732965679
2007,12,398.20947265625,5.60391703657658,2.23846340179443,0,0,-0.29754157891383,396.493862615558,1.36347448127116,398.20947265625,5.60391703657658,2.23846340179443,0,0,-0.355234265496726,396.170585304982,1.27664384022613,0.0921038041718782,441.630004882812,2.75615048408508,1.96406853199005,0,0,0.305593207139144,439.752454549104,0.406494164609206,-0.29754157891383,1.36347448127116,0,-0,-1.66101606018499,-0.355234265496726,1.27664384022613,0,0.0921038041718782,0,-0,-1.72398190989473
2008,3,397.4853515625,9.92236139965119,2.39989399909973,0,0,-0.36394650295304,397.20234268039,1.30226313581828,397.4853515625,9.92236139965119,2.39989399909973,0,0,-0.425560933466169,396.986334008011,1.22794028941167,0.0814169092768439,441.202270507812,2.11244797706604,0.997767329216003,0,0,0.235446149849304,439.952679612645,0.359328247287088,-0.36394650295304,1.30226313581828,0,-0,-1.66620963877132,-0.425560933466169,1.22794028941167,0,0.0814169092768439,0,-0,-1.73491813215468
2008,6,399.019073486328,12.9238829148321,1.83084309101105,0,0,-0.299937357224644,398.701107642989,1.36997618714671,399.019073486328,12.9238829148321,1.83084309101105,0,0,-0.370298862245187,398.440853966807,1.30125342275501,0.0729877116001748,441.795989990234,1.67678153514862,-0.316583871841431,0,0,0.17478826138263,440.391927816063,0.322126530173327,-0.299937357224644,1.36997618714671,0,-0,-1.66991354437136,-0.370298862245187,1.30125342275501,0,0.0729877116001748,0,-0,-1.74453999660037
2008,9,400.940277099609,11.5090691170566,0.345084667205811,0,0,-0.306741426497271,400.274049534918,1.3712096747096,400.940277099609,11.5090691170566,0.345084667205811,0,0,-0.384956207691558,399.932956253828,1.31008269997908,0.0623078674180946,441.269317626953,2.03650450706482,-0.908669173717499,0,0,0.104366603329378,440.602603578043,0.274991730715427,-0.306741426497271,1.3712096747096,0,-0,-1.67795110120687,-0.384956207691558,1.31008269997908,0,0.0623078674180946,0,-0,-1.75734677508873
2008,12,401.640869140625,0.378263103200069,-1.09828734397888,0,0,-0.393274526222473,401.620625233433,1.29257852462845,401.640869140625,0.378263103200069,-1.09828734397888,0,0,-0.466581156864133,401.258816170097,1.25042512498908,0.0530822768766164,439.056274414062,-0.315165400505066,-0.813438475131989,0,0,0.0447062099965636,440.4396565415,0.234275185357686,-0.393274526222473,1.29257852462845,0,-0,-1.68585305085093,-0.466581156864133,1.25042512498908,0,0.0530822768766164,0,-0,-1.77008855872983
2009,3,398.562042236328,2.73851025086191,0.697650611400604,0,0,-0.498438333422728,401.822337292627,1.18563698245512,398.562042236328,2.73851025086191,0.697650611400604,0,0,-0.55811701039093,401.736326208422,1.16703782961346,0.0509579346218592,437.914825439453,-0.0045373379252851,-1.52696597576141,0,0,0.0208173162113133,440.468099867447,0.224899538629999,-0.498438333422728,1.18563698245512,0,-0,-1.68407531587785,-0.55811701039093,1.16703782961346,0,0.0509579346218592,0,-0,-1.77611277462625
2009,6,400.540100097656,3.26087506354963,0.408712685108185,0,0,-0.366686512097862,403.450320756134,1.31266901241013,400.540100097656,3.26087506354963,0.408712685108185,0,0,-0.434978266646506,403.333106465529,1.29374671824288,0.0521598463008066,437.735504150391,1.56297588348389,-1.45681810379028,0,0,0.0133040515878745,440.618446945965,0.230204097852722,-0.366686512097862,1.31266901241013,0,-0,-1.67935552450799,-0.434978266646506,1.29374671824288,0,0.0521598463008066,0,-0,-1.78088483119019
2009,9,401.986297607422,2.51986729429464,0.231284320354462,0,0,-0.354869749185249,404.630536470394,1.3250186801759,401.986297607422,2.51986729429464,0.231284320354462,0,0,-0.429738613740791,404.578869082344,1.30615896803894,0.054541187978479,438.086486816406,1.41698348522186,-1.64077568054199,0,0,0.0115828566426598,440.796276161256,0.240713994860972,-0.354869749185249,1.3250186801759,0,-0,-1.67988842936115,-0.429738613740791,1.30615896803894,0,0.054541187978479,0,-0,-1.79043876975821
2009,12,403.698181152344,6.37978013170883,0.782608807086945,0,0,-0.335056746021947,405.862205880177,1.34649616987451,403.698181152344,6.37978013170883,0.782608807086945,0,0,-0.419314642302257,405.870679824939,1.32440825775556,0.0576757096596982,439.161743164062,2.48415637016296,-1.86141526699066,0,0,0.0127489249733772,441.130069183481,0.254548002953394,-0.335056746021947,1.34649616987451,0,-0,-1.68155291589646,-0.419314642302257,1.32440825775556,0,0.0576757096596982,0,-0,-1.80139860971752
2010,3,406.193389892578,3.49518125204194,-1.31743764877319,0,0,-0.320010415229013,407.281867642405,1.36638872925825,406.193389892578,3.49518125204194,-1.31743764877319,0,0,-0.418538321629836,407.290646855603,1.33738048259217,0.0592141548988422,439.644744873047,1.3659919500351,-1.78595745563507,0,0,0.00674204330399569,441.310639149708,0.261337831211908,-0.320010415229013,1.36638872925825,0,-0,-1.68639914448727,-0.418538321629836,1.33738048259217,0,0.0592141548988422,0,-0,-1.81513295912085
2010,6,407.981201171875,2.67889887812721,-1.87704360485077,0,0,-0.351649837777435,408.511019663285,1.34190074715605,407.981201171875,2.67889887812721,-1.87704360485077,0,0,-0.459154821433904,408.563016073771,1.30983114246131,0.0618535004197132,440.607971191406,1.07607138156891,-1.59052062034607,0,0,0.00564237183490884,441.62141108172,0.272986411444483,-0.351649837777435,1.34190074715605,0,-0,-1.69355058493349,-0.459154821433904,1.30983114246131,0,0.0618535004197132,0,-0,-1.83083946431493
2010,9,409.0166015625,3.06263547444895,-1.42199802398682,0,0,-0.378584996413194,409.599512768775,1.32085529405074,409.0166015625,3.06263547444895,-1.42199802398682,0,0,-0.497886785675342,409.714217282555,1.2843239565697,0.0635459168441712,441.376068115234,0.614864766597748,-1.25713860988617,0,0,-6.8863990490553e-05,441.894440134766,0.280455781540719,-0.378584996413194,1.32085529405074,0,-0,-1.69944029046393,-0.497886785675342,1.2843239565697,0,0.0635459168441712,0,-0,-1.84575665908921
2010,12,409.960205078125,4.54998443552216,-0.75885021686554,0,0,-0.367288640047009,410.773174724631,1.33580823798447,409.960205078125,4.54998443552216,-0.75885021686554,0,0,-0.501338211983103,410.925357387765,1.29260151917413,0.0651326570924311,441.899810791016,1.26246416568756,-1.2608003616333,0,0,-0.0060743279223256,442.17876470571,0.287458756688896,-0.367288640047009,1.33580823798447,0,-0,-1.70309687803148,-0.501338211983103,1.29260151917413,0,0.0651326570924311,0,-0,-1.85907238824966
2011,3,410.736022949219,7.89162389269678,0.217503398656845,0,0,-0.336285112493271,412.018399671118,1.36826329980526,410.736022949219,7.89162389269678,0.217503398656845,0,0,-0.485959320409971,412.191958032631,1.31818246970488,0.0666962963833064,441.661926269531,1.75218796730042,-1.72215795516968,0,0,-0.0109120886611294,442.31561165204,0.294359777260298,-0.336285112493271,1.36826329980526,0,-0,-1.70454841229853,-0.485959320409971,1.31818246970488,0,0.0666962963833064,0,-0,-1.87083808649816
2011,6,411.336761474609,5.06799142540023,0.180056661367416,0,0,-0.295798888411938,413.258299792488,1.40775025297658,411.336761474609,5.06799142540023,0.180056661367416,0,0,-0.458757360698392,413.472582980814,1.35150190360742,0.0707342073057944,442.336334228516,2.33219695091248,-1.97367823123932,0,0,-0.0040745636658458,442.699831260563,0.312180835162967,-0.295798888411938,1.40775025297658,0,-0,-1.70354914138851,-0.458757360698392,1.35150190360742,0,0.0707342073057944,0,-0,-1.88099347161161
2011,9,412.179534912109,1.66142221382752,-0.206852346658707,0,0,-0.237068082541624,414.520939069715,1.46393809143972,412.179534912109,1.66142221382752,-0.206852346658707,0,0,-0.419463571675487,414.76351315112,1.39735102408033,0.0733705811882124,442.314025878906,1.82189834117889,-1.98828446865082,0,0,-0.00280927124247393,442.872741222765,0.323816300262011,-0.237068082541624,1.46393809143972,0,-0,-1.70100617398135,-0.419463571675487,1.39735102408033,0,0.0733705811882124,0,-0,-1.89018517694403
2011,12,414.017456054688,3.74339020597196,0.248307764530182,0,0,-0.158196555269275,416.016800655988,1.54123800478094,414.017456054688,3.74339020597196,0.248307764530182,0,0,-0.35826277583661,416.249713872223,1.46371362646472,0.0782409030610843,443.430999755859,1.42308139801025,-1.96762800216675,0,0,0.00846003984193872,443.310388571306,0.345311149892722,-0.158196555269275,1.54123800478094,0,-0,-1.69943456005022,-0.35826277583661,1.46371362646472,0,0.0782409030610843,0,-0,-1.90021730536241
2012,3,416.477996826172,2.38559169165914,0.101542301476002,0,0,-0.105076879352885,417.716302842058,1.59555014483298,416.477996826172,2.38559169165914,0.101542301476002,0,0,-0.323911875099449,417.884577913256,1.50730412563908,0.0811199621654174,444.265930175781,2.51657009124756,-1.85584485530853,0,0,0.0101663686748016,443.6894715539,0.358017690474829,-0.105076879352885,1.59555014483298,0,-0,-1.70062702418586,-0.323911875099449,1.50730412563908,0,0.0811199621654174,0,-0,-1.91233596290394
2012,6,417.270751953125,3.62887320982293,0.0675632283091545,0,0,-0.109561934175726,418.950869542338,1.59149587415995,417.270751953125,3.62887320982293,0.0675632283091545,0,0,-0.341248856578043,419.16071263709,1.49906686799643,0.0833755075747028,444.711181640625,1.65073525905609,-1.86114716529846,0,0,0.00953343726211853,444.025225970618,0.367972393813408,-0.109561934175726,1.59149587415995,0,-0,-1.70105780833567,-0.341248856578043,1.49906686799643,0,0.0833755075747028,0,-0,-1.92369123214918
2012,9,419.399230957031,4.15614059733613,0.152415201067924,0,0,-0.0529868864278111,420.612684378665,1.64800967719653,419.399230957031,4.15614059733613,0.152415201067924,0,0,-0.298986794830841,420.773663936898,1.54952201828418,0.0859870685019537,444.855529785156,1.15405535697937,-1.78712236881256,0,0,0.011564234070133,444.335575113417,0.379498348544526,-0.0529868864278111,1.64800967719653,0,-0,-1.70099656362434,-0.298986794830841,1.54952201828418,0,0.0859870685019537,0,-0,-1.93449588161697
2012,12,421.641998291016,1.74905173562609,-0.460961759090424,0,0,-0.0396356568812113,422.217156880052,1.66406281393167,421.641998291016,1.74905173562609,-0.460961759090424,0,0,-0.293935615347868,422.343509920357,1.56374793158881,0.089572186667556,444.971099853516,1.76485192775726,-1.77560126781464,0,0,0.0191499262010518,444.637499745846,0.395321034988967,-0.0396356568812113,1.66406281393167,0,-0,-1.70369847081288,-0.293935615347868,1.56374793158881,0,0.089572186667556,0,-0,-1.94725573360423
2013,3,423.836212158203,1.89940922844342,-0.396458595991135,0,0,-0.0480596329406804,423.892488059749,1.65985141993672,423.836212158203,1.89940922844342,-0.396458595991135,0,0,-0.305632960613345,423.981293317977,1.56112329861313,0.0943474973781527,445.952545166016,1.5595371723175,-1.94108712673187,0,0,0.0320337709797013,445.150831678817,0.416396559018691,-0.0480596329406804,1.65985141993672,0,-0,-1.7079110528774,-0.305632960613345,1.56112329861313,0,0.0943474973781527,0,-0,-1.96110375660463
2013,6,424.325408935547,2.0094143770858,-0.637588977813721,0,0,-0.0891391354443318,425.112028616292,1.62070944939114,424.325408935547,2.0094143770858,-0.637588977813721,0,0,-0.352046529693193,425.254961721576,1.52395888672778,0.0971419188655152,446.220001220703,1.1270614862442,-1.82100915908813,0,0,0.036312128568591,445.472767905048,0.428729556969043,-0.0891391354443318,1.62070944939114,0,-0,-1.70984858483547,-0.352046529693193,1.52395888672778,0,0.0971419188655152,0,-0,-1.97314733528649
2013,9,425.935546875,3.12928212071727,-0.398154497146606,0,0,-0.0547902847800419,426.752587173081,1.65492562267795,425.935546875,3.12928212071727,-0.398154497146606,0,0,-0.326433944372425,426.867777807497,1.55570544993822,0.101379342259165,447.067901611328,1.57031393051147,-1.77416121959686,0,0,0.047318468485752,445.951284054003,0.447431150220098,-0.0547902847800419,1.65492562267795,0,-0,-1.70971590745799,-0.326433944372425,1.55570544993822,0,0.101379342259165,0,-0,-1.98351873656981
2013,12,426.925354003906,5.10044944497503,0.0817382782697678,0,0,-0.0491917605366226,428.127516860714,1.65987020350671,426.925354003906,5.10044944497503,0.0817382782697678,0,0,-0.331532481024677,428.26517030135,1.5571717692526,0.104619422240088,447.935333251953,1.7202183008194,-1.6519672870636,0,0,0.0535082254349755,446.471723210084,0.461731033020316,-0.0491917605366226,1.65987020350671,0,-0,-1.70906196404333,-0.331532481024677,1.5571717692526,0,0.104619422240088,0,-0,-1.99332367251736
2014,3,429.543365478516,4.282710587929,-0.915914535522461,0,0,-0.00611610065253743,430.018875238594,1.70340307819898,429.543365478516,4.282710587929,-0.915914535522461,0,0,-0.301862022700089,430.054643854691,1.59516105235189,0.106636221603398,447.590026855469,1.26189434528351,-1.82922756671906,0,0,0.0556185935939078,446.713523049115,0.470632046173293,-0.00611610065253743,1.70340307819898,0,-0,-1.70951917885152,-0.301862022700089,1.59516105235189,0,0.106636221603398,0,-0,-2.00365929665538
2014,6,430.759155273438,3.03556791413529,-1.11301779747009,0,0,-0.0474122044577581,431.491251208418,1.66308071850998,430.759155273438,3.03556791413529,-1.11301779747009,0,0,-0.344246672013087,431.539055743151,1.55790342785465,0.112075074198143,448.873413085938,1.74239194393158,-1.80780363082886,0,0,0.0731193036311923,447.329019647196,0.494636069262368,-0.0474122044577581,1.66308071850998,0,-0,-1.71049292296773,-0.344246672013087,1.55790342785465,0,0.112075074198143,0,-0,-2.01422517406588
2014,9,431.775024414062,4.05869598779411,-0.98116797208786,0,0,-0.0664979896163789,432.95510451759,1.64197117594077,431.775024414062,4.05869598779411,-0.98116797208786,0,0,-0.372886099274872,433.000584539877,1.53463760338798,0.114806423712056,450.081298828125,1.49994814395905,-1.93850016593933,0,0,0.0770581252882764,447.896821997345,0.506690703149606,-0.0664979896163789,1.64197117594077,0,-0,-1.70846916555715,-0.372886099274872,1.53463760338798,0,0.114806423712056,0,-0,-2.0223301263749
2014,12,433.395782470703,-0.381274656786395,-1.6545627117157,0,0,-0.0710194770481509,434.516213150312,1.63458856090935,433.395782470703,-0.381274656786395,-1.6545627117157,0,0,-0.389984746518715,434.519237157916,1.52329956084254,0.116037226989484,450.585815429688,1.08282887935638,-1.45928812026978,0,0,0.0743084779897032,448.320931274765,0.512122773567921,-0.0710194770481509,1.63458856090935,0,-0,-1.7056080379575,-0.389984746518715,1.52329956084254,0,0.116037226989484,0,-0,-2.02932153435074
2015,3,434.967224121094,-0.750218332086561,0.511316299438477,0,0,-0.0901130097831329,435.967526526914,1.61279455242243,434.967224121094,-0.750218332086561,0.511316299438477,0,0,-0.416236383995292,435.952953872135,1.50133494802068,0.118263936645542,451.482330322266,0.667641997337341,-2.04750227928162,0,0,0.0759805097335927,448.868011164707,0.521950212180312,-0.0901130097831329,1.61279455242243,0,-0,-1.70290756220556,-0.416236383995292,1.50133494802068,0,0.118263936645542,0,-0,-2.03583526866151
2015,6,436.704467773438,0.828362742306396,0.182858645915985,0,0,-0.100347171313546,437.465001476377,1.59991687065629,436.704467773438,0.828362742306396,0.182858645915985,0,0,-0.433202127318739,437.417592665051,1.48901099228726,0.119546715731187,452.099700927734,1.77872741222382,-1.98901414871216,0,0,0.0732335604860774,449.369712667772,0.527611674456337,-0.100347171313546,1.59991687065629,0,-0,-1.70026404196984,-0.433202127318739,1.48901099228726,0,0.119546715731187,0,-0,-2.04175983533718
2015,9,438.147766113281,-0.0605182526334644,-0.00829120725393295,0,0,-0.117037390064373,438.837549972959,1.58077880381215,438.147766113281,-0.0605182526334644,-0.00829120725393295,0,0,-0.453640953702307,438.785839649107,1.47266767912506,0.120845921625869,452.499298095703,1.28487992286682,-1.85495209693909,0,0,0.0710778497895602,449.848677152275,0.533345635388379,-0.117037390064373,1.58077880381215,0,-0,-1.69781619387652,-0.453640953702307,1.47266767912506,0,0.120845921625869,0,-0,-2.04715455445323
2015,12,440.146240234375,1.37225516526633,0.551369607448578,0,0,-0.114550462089448,440.349326038967,1.5819603492392,440.146240234375,1.37225516526633,0.551369607448578,0,0,-0.453496929444125,440.265234360161,1.47657011429901,0.122692821549205,452.683654785156,0.995895504951477,-1.56537580490112,0,0,0.0722997051508669,450.289758947359,0.541496808385015,-0.114550462089448,1.5819603492392,0,-0,-1.69651081132865,-0.453496929444125,1.47657011429901,0,0.122692821549205,0,-0,-2.05275986529234
2016,3,441.985321044922,0.298818982318025,0.909043788909912,0,0,-0.130027984906259,441.77284904888,1.56695576357508,441.985321044922,0.298818982318025,0.909043788909912,0,0,-0.467416498777736,441.681876578056,1.46591875828559,0.125786552704163,453.261596679688,1.67210590839386,-1.8349449634552,0,0,0.079579880944102,450.84335704581,0.555150790136009,-0.130027984906259,1.56695576357508,0,-0,-1.69698374848134,-0.467416498777736,1.46591875828559,0,0.125786552704163,0,-0,-2.05912180976749
2016,6,443.714752197266,2.38107290540442,0.929440379142761,0,0,-0.142599186972247,443.217922266825,1.5559081063088,443.714752197266,2.38107290540442,0.929440379142761,0,0,-0.479226411868465,443.115160021063,1.4580661141624,0.128447947185246,453.582092285156,2.18787407875061,-1.8614627122879,0,0,0.0853894469084856,451.333103821086,0.566896682024088,-0.142599186972247,1.5559081063088,0,-0,-1.69850729328105,-0.479226411868465,1.4580661141624,0,0.128447947185246,0,-0,-2.06574047321611
2016,9,445.142730712891,1.86736107702107,0.0767612010240555,0,0,-0.159438376221063,444.595242116574,1.54118100551054,445.142730712891,1.86736107702107,0.0767612010240555,0,0,-0.494600264338082,444.500464930361,1.44580212078952,0.131919952450318,454.288848876953,1.73173880577087,-1.83479952812195,0,0,0.0951427264874584,451.919091909527,0.582220152020075,-0.159438376221063,1.54118100551054,0,-0,-1.70061938173161,-0.494600264338082,1.44580212078952,0,0.131919952450318,0,-0,-2.07232233757792
2016,12,446.736267089844,3.30630604437447,0.24874547123909,0,0,-0.166774069964836,446.032666538745,1.53665368145888,446.736267089844,3.30630604437447,0.24874547123909,0,0,-0.503764715029452,445.925525042582,1.44038214828088,0.134806994841352,454.842071533203,1.37571060657501,-1.81850636005402,0,0,0.102483452824033,452.472424496376,0.594961926320132,-0.166774069964836,1.53665368145888,0,-0,-1.70342775142372,-0.503764715029452,1.44038214828088,0,0.134806994841352,0,-0,-2.07895385815168
2017,3,448.446685791016,3.78638595466245,-0.246182546019554,0,0,-0.182608144552829,447.455192976251,1.52494273183223,448.446685791016,3.78638595466245,-0.246182546019554,0,0,-0.521247234762689,447.331306520373,1.42689932249217,0.137912336982815,455.327301025391,1.85239827632904,-1.55574691295624,0,0,0.111358660955526,453.028612964797,0.608667152406823,-0.182608144552829,1.52494273183223,0,-0,-1.70755087638505,-0.521247234762689,1.42689932249217,0,0.137912336982815,0,-0,-2.08605889423767
2017,6,450.642913818359,2.47053864376097,-0.647341668605804,0,0,-0.208028445403579,448.986817617029,1.5059238486938,450.642913818359,2.47053864376097,-0.647341668605804,0,0,-0.546879378971731,448.812737045766,1.40611653307478,0.141386532144587,455.885589599609,1.33527207374573,-1.24369025230408,0,0,0.122337562112385,453.604165315579,0.624000287369831,-0.208028445403579,1.5059238486938,0,-0,-1.71395229409738,-0.546879378971731,1.40611653307478,0,0.141386532144587,0,-0,-2.0943824441911
2017,9,452.270599365234,1.52179939754854,-0.95595920085907,0,0,-0.273967910286316,450.356004696745,1.44785214544166,452.270599365234,1.52179939754854,-0.95595920085907,0,0,-0.609636668069814,450.158705583146,1.3486373419475,0.14507754354181,456.671417236328,1.20700931549072,-0.827525675296783,0,0,0.134250135840662,454.219544588013,0.640290326722356,-0.273967910286316,1.44785214544166,0,-0,-1.72182005572798,-0.609636668069814,1.3486373419475,0,0.14507754354181,0,-0,-2.10335155355912
2017,12,453.035583496094,4.28270234000075,-0.723184883594513,0,0,-0.34597025661367,451.478445630324,1.38236624551297,453.035583496094,4.28270234000075,-0.723184883594513,0,0,-0.679346666409299,451.30060620377,1.28300109168165,0.148474343805321,457.792236328125,1.77521812915802,-0.831612825393677,0,0,0.144067251665141,454.917319416086,0.655281884322773,-0.34597025661367,1.38236624551297,0,-0,-1.72833650212664,-0.679346666409299,1.28300109168165,0,0.148474343805321,0,-0,-2.11082210189627
2018,3,454.825469970703,7.01050941820992,0.0317235812544823,0,0,-0.379539736963198,452.857838889899,1.35562410004448,454.825469970703,7.01050941820992,0.0317235812544823,0,0,-0.715823710957213,452.616021028292,1.2516834576437,0.150443001415948,458.602233886719,2.5374903678894,-0.686533212661743,0,0,0.146867262879956,455.574185547739,0.663970426973409,-0.379539736963198,1.35562410004448,0,-0,-1.73516383700768,-0.715823710957213,1.2516834576437,0,0.150443001415948,0,-0,-2.11795017001686
2018,6,457.015594482422,6.21671165227956,0.407729595899582,0,0,-0.454187924092171,454.275415711612,1.29111297112793,457.015594482422,6.21671165227956,0.407729595899582,0,0,-0.788315202274885,453.937152424572,1.18671373011315,0.151904108976809,459.131652832031,2.14165115356445,-0.415558695793152,0,0,0.147472744387241,456.199199417174,0.670418930405993,-0.454187924092171,1.29111297112793,0,-0,-1.7453008952201,-0.788315202274885,1.18671373011315,0,0.151904108976809,0,-0,-2.12693304136485
2018,9,458.245391845703,8.37698963588579,1.76704776287079,0,0,-0.5908921887283,455.42232314957,1.16594245499386,458.245391845703,8.37698963588579,1.76704776287079,0,0,-0.914456739259506,455.032857698802,1.06845405709638,0.153501147570755,459.753509521484,1.27296376228333,-0.30902299284935,0,0,0.148741797741197,456.876425444323,0.677467356634765,-0.5908921887283,1.16594245499386,0,-0,-1.75683464372216,-0.914456739259506,1.06845405709638,0,0.153501147570755,0,-0,-2.13641194392664
2018,12,458.860107421875,2.68858910139727,1.19640946388245,0,0,-0.745705014305438,456.258638070118,1.0223669591976,458.860107421875,2.68858910139727,1.19640946388245,0,0,-1.05692547874952,455.858055740458,0.9337090873413,0.154535487038592,459.894958496094,1.86353778839111,-0.00500580435618758,0,0,0.147973949421623,457.444605511931,0.682032346774764,-0.745705014305438,1.0223669591976,0,-0,-1.76807197350304,-1.05692547874952,0.9337090873413,0,0.154535487038592,0,-0,-2.14517005312941
2019,3,460.517028808594,-2.01563009118313,0.500719785690308,0,0,-0.880566851500206,457.131827588069,0.902053118980455,460.517028808594,-2.01563009118313,0.500719785690308,0,0,-1.17686210778472,456.686731850555,0.822210221327362,0.15685533369414,460.517028808594,1.60119247436523,0.193761304020882,0,0,0.153111882838544,458.120609788435,0.692270839492267,-0.880566851500206,0.902053118980455,0,-0,-1.78261997048066,-1.17686210778472,0.822210221327362,0,0.15685533369414,0,-0,-2.15592766280622
2019,6,462.931518554688,3.35070611220616,0.817376971244812,0,0,-1.04218109023988,458.032244262153,0.762106546041855,462.931518554688,3.35070611220616,0.817376971244812,0,0,-1.31885370904957,457.503646479712,0.694025747676057,0.158657720397675,461.349029541016,1.6863511800766,0.262532293796539,0,0,0.155187844805764,458.815160919365,0.700225556281044,-1.04218109023988,0.762106546041855,0,-0,-1.80428763628174,-1.31885370904957,0.694025747676057,0,0.158657720397675,0,-0,-2.1715371771233
2019,9,464.518249511719,1.60046765355264,0.524620592594147,0,0,-1.2673774893446,458.608443374292,0.564103069388559,464.518249511719,1.60046765355264,0.524620592594147,0,0,-1.51563745409085,458.034922118797,0.515424324438721,0.159684990725641,462.511993408203,1.48276317119598,0.101585850119591,0,0,0.152521826185044,459.592828985765,0.70475934723082,-1.2673774893446,0.564103069388559,0,-0,-1.83148055873316,-1.51563745409085,0.515424324438721,0,0.159684990725641,0,-0,-2.19074676925521
2019,12,464.676544189453,2.65210235325888,0.601473808288574,0,0,-1.50859778730624,459.069650752992,0.35071792707931,464.676544189453,2.65210235325888,0.601473808288574,0,0,-1.72384795132403,458.458164649328,0.327419129234198,0.158717002880456,463.191436767578,1.40301358699799,-0.398976057767868,0,0,0.140263399429841,460.355749607006,0.700487195672931,-1.50859778730624,0.35071792707931,0,-0,-1.85931571438555,-1.72384795132403,0.327419129234198,0,0.158717002880456,0,-0,-2.20998408343868
2020,3,459.727081298828,1.96849454536163,0.189412966370583,0,0,-1.76203545441495,458.214833207464,0.114591724899673,459.727081298828,1.96849454536163,0.189412966370583,0,0,-1.94495269483422,457.883908089171,0.119509441629154,0.156478862251359,461.866546630859,1.79856157302856,-0.847697019577026,0,0,0.125040201524404,460.700372311815,0.690609307202603,-1.76203545441495,0.114591724899673,0,-0,-1.87662717931463,-1.94495269483422,0.119509441629154,0,0.156478862251359,0,-0,-2.22094099871473
2020,6,445.043243408203,0.409783047571388,-0.536849915981293,1,0,-1.74271428742361,457.922449804936,0.140290321618526,445.043243408203,0.409783047571388,-0.536849915981293,1,0,-1.91824501796471,457.615155145161,0.144537616130644,0.159888041982833,453.662322998047,-0.7526735663414,-1.70779097080231,1,0,0.137928402577467,461.242264065673,0.705655500781774,-1.74271428742361,0.140290321618526,0,-0,-1.88300460904213,-1.91824501796471,0.144537616130644,0,0.159888041982833,0,-0,-2.22267067607818
2020,9,452.489288330078,3.26233558515843,-0.971554756164551,1,0,-1.6139835810363,458.186670786179,0.275232353423075,452.489288330078,3.26233558515843,-0.971554756164551,1,0,-1.75989370588327,457.986576728455,0.299079108579436,0.16536819516148,461.138153076172,2.96415138244629,-1.68657004833221,1,0,0.159938248760646,462.043707507017,0.729841801318585,-1.6139835810363,0.275232353423075,0,-0,-1.88921593445938,-1.75989370588327,0.299079108579436,0,0.16536819516148,0,-0,-2.22434100962419
2020,12,455.339996337891,4.90062179916021,-0.81580662727356,1,0,-1.48859273493115,458.434249039984,0.407100987531113,455.339996337891,4.90062179916021,-0.81580662727356,1,0,-1.63221560180369,458.334050322541,0.426149462629068,0.168956538617342,462.265106201172,1.79323935508728,-1.87506127357483,1,0,0.17357363782091,462.676502052885,0.745678722372355,-1.48859273493115,0.407100987531113,0,-0,-1.89569372246226,-1.63221560180369,0.426149462629068,0,0.168956538617342,0,-0,-2.2273216030501
2021,3,455.759216308594,6.45887239086305,-1.318598985672,1,0,-1.3264989142656,458.881986494093,0.57400419931016,455.759216308594,6.45887239086305,-1.318598985672,1,0,-1.47917267447226,458.836597426727,0.5762270518016,0.173810272330014,463.651184082031,3.40117454528809,-2.08110117912292,1,0,0.193297413347381,463.427644191532,0.767100361234153,-1.3264989142656,0.57400419931016,0,-0,-1.90050311357576,-1.47917267447226,0.5762270518016,0,0.173810272330014,0,-0,-2.22920999860387
2021,6,457.126068115234,1.61793901254013,-2.28449034690857,1,0,-1.14317483105022,459.57211379904,0.762029389548822,457.126068115234,1.61793901254013,-2.28449034690857,1,0,-1.30747837994242,459.543843750414,0.745173335052381,0.17816880524256,465.338775634766,5.64626455307007,-2.27207493782043,1,1,0.210542239851621,464.235073204801,0.786336463490051,-1.14317483105022,0.762029389548822,0,-0,-1.90520422059904,-1.30747837994242,0.745173335052381,0,0.17816880524256,0,-0,-2.23082052023736
2021,9,459.430938720703,3.50924775994402,-2.18502068519592,1,0,-0.959177575035739,460.47055684884,0.951819465149181,459.430938720703,3.50924775994402,-2.18502068519592,1,0,-1.13299859134532,460.470287255717,0.918691485068801,0.1814518439765,466.160461425781,4.71887731552124,-2.75216031074524,1,1,0.223168273362734,464.965975509757,0.80082594195982,-0.959177575035739,0.951819465149181,0,-0,-1.91099704018492,-1.13299859134532,0.918691485068801,0,0.1814518439765,0,-0,-2.23314192039062
2021,12,462.275482177734,2.86183637422533,-2.44122004508972,1,0,-0.783418655616904,461.618605888419,1.13458129694794,462.275482177734,2.86183637422533,-2.44122004508972,1,0,-0.969829395133895,461.581335393329,1.08107285457136,0.185149511316976,467.861602783203,5.16963052749634,-3.55878210067749,1,1,0.237633348369004,465.84413889993,0.8171453568861,-0.783418655616904,1.13458129694794,0,-0,-1.91799995256484,-0.969829395133895,1.08107285457136,0,0.185149511316976,0,-0,-2.23605176102223
2022,3,463.405395507812,5.40441466115388,-1.0294201374054,1,0,-0.633452566445776,462.763325813635,1.29121637318016,463.405395507812,5.40441466115388,-1.0294201374054,1,0,-0.824869734612578,462.722964085656,1.22614604905156,0.187133915198514,467.606628417969,5.95113849639893,-2.53228187561035,1,1,0.24500741817234,466.575431782258,0.825903394681888,-0.633452566445776,1.29121637318016,0,-0,-1.92466893962593,-0.824869734612578,1.22614604905156,0,0.187133915198514,0,-0,-2.23814969886265
2022,6,464.991790771484,9.79548616121185,-0.162972047924995,1,0,-0.469685845013793,464.209498106047,1.46068646333459,464.991790771484,9.79548616121185,-0.162972047924995,1,0,-0.660128229541524,464.149074858229,1.38907498014596,0.190108066471183,467.762878417969,4.74763488769531,-2.51210641860962,1,1,0.257973700678266,467.354061814035,0.839029618379977,-0.469685845013793,1.46068646333459,0,-0,-1.93037230834839,-0.660128229541524,1.38907498014596,0,0.190108066471183,0,-0,-2.23931127615867
2022,9,466.888946533203,7.52425921132534,1.48983085155487,0,0,-0.333133729346123,465.841840478305,1.60351837858549,466.888946533203,7.52425921132534,1.48983085155487,0,0,-0.519854294849414,465.75255924274,1.52775270426996,0.193384268671546,468.482269287109,5.01376438140869,-1.53104734420776,1,0,0.27284094712478,468.206271739423,0.853488924252317,-0.333133729346123,1.60351837858549,0,-0,-1.93665210793162,-0.519854294849414,1.52775270426996,0,0.193384268671546,0,-0,-2.24099126779092
2022,12,468.725738525391,8.28807701911862,2.98491859436035,0,0,-0.238138218589574,467.631348566244,1.70547423706637,468.725738525391,8.28807701911862,2.98491859436035,0,0,-0.418849164772838,467.500070842256,1.62851959178318,0.195983342301837,469.170074462891,4.60526561737061,-0.364751905202866,0,0,0.285443640570814,469.003809263939,0.864959767108398,-0.238138218589574,1.70547423706637,0,-0,-1.94361245565594,-0.418849164772838,1.62851959178318,0,0.195983342301837,0,-0,-2.24335209885786
2023,3,469.553955078125,6.73355209996657,1.18476057052612,0,0,-0.196277852212608,469.323338825611,1.75283753198698,469.553955078125,6.73355209996657,1.18476057052612,0,0,-0.366549314888174,469.197064448154,1.67927485000139,0.199043060570984,469.891479492188,4.6105170249939,1.93761277198792,0,0,0.301046197518047,469.831952302278,0.878463635194403,-0.196277852212608,1.75283753198698,0,-0,-1.94911538419959,-0.366549314888174,1.67927485000139,0,0.199043060570984,0,-0,-2.24486722546055
2023,6,469.606964111328,1.66977680527945,0.461894243955612,0,0,-0.166662433334644,470.72139814559,1.78453269579905,469.606964111328,1.66977680527945,0.461894243955612,0,0,-0.327835337572551,470.674602584592,1.71398854865586,0.202209749445111,470.517425537109,3.89111280441284,2.30990815162659,0,0,0.317658204927865,470.648970562731,0.892439611105925,-0.166662433334644,1.78453269579905,0,-0,-1.9511951291337,-0.327835337572551,1.71398854865586,0,0.202209749445111,0,-0,-2.24403363567352
2023,9,472.592712402344,4.69241782146169,1.05367946624756,0,0,-0.0781025905017265,472.954477149997,1.87729447739487,472.592712402344,4.69241782146169,1.05367946624756,0,0,-0.233160529243205,472.812055775547,1.80613427023021,0.205697428299914,471.664459228516,2.34024548530579,2.63398742675781,0,0,0.335060753281582,471.614202507116,0.907832255473388,-0.0781025905017265,1.87729447739487,0,-0,-1.9553970678966,-0.233160529243205,1.80613427023021,0,0.205697428299914,0,-0,-2.24499222777333
2023,12,473.928985595703,4.42044408716703,0.818458557128906,0,0,-0.12483693024225,474.613015299758,1.83706593154516,473.928985595703,4.42044408716703,0.818458557128906,0,0,-0.26515515325927,474.501609407567,1.77541020423145,0.207212726613856,472.505035400391,2.11407327651978,2.59309101104736,0,0,0.342724749817078,472.528151648183,0.914519926279147,-0.12483693024225,1.83706593154516,0,-0,-1.96190286178741,-0.26515515325927,1.77541020423145,0,0.207212726613856,0,-0,-2.24777808410458
2024,3,475.195709228516,2.19499895588062,2.63473844528198,0,0,-0.157973392760536,476.307879298385,1.80830182208155,475.195709228516,2.19499895588062,2.63473844528198,0,0,-0.281750699969545,476.22823968389,1.75932922169949,0.207918594051928,472.714477539062,3.91864848136902,3.00282549858093,0,0,0.347030978864959,473.319685170712,0.917635226424934,-0.157973392760536,1.80830182208155,0,-0,-1.96627521484208,-0.281750699969545,1.75932922169949,0,0.207918594051928,0,-0,-2.24899851572096
2024,6,476.118316650391,3.48466553939112,2.69273257255554,0,0,-0.195786318578949,477.874195329387,1.77363602272581,476.118316650391,3.48466553939112,2.69273257255554,0,0,-0.299804122055934,477.873757499569,1.73986329224932,0.209843216944685,473.596130371094,2.84212970733643,2.95675468444824,0,0,0.356511176358402,474.265834932039,0.926129424704941,-0.195786318578949,1.77363602272581,0,-0,-1.96942234130475,-0.299804122055934,1.73986329224932,0,0.209843216944685,0,-0,-2.24951063124993
2024,9,477.635009765625,2.27486682853465,2.59215092658997,0,0,-0.216574120212236,479.579189361216,1.75624045123863,477.635009765625,2.27486682853465,2.59215092658997,0,0,-0.305190169234514,479.627795752309,1.73485317612557,0.210410784450427,474.417694091797,2.3244297504425,2.93532776832581,0,0,0.358974189387084,475.191487204247,0.928634347071399,-0.216574120212236,1.75624045123863,0,-0,-1.97281457145087,-0.305190169234514,1.73485317612557,0,0.210410784450427,0,-0,-2.25045412981051
2024,12,478.967712402344,1.94087677737328,2.26970386505127,0,0,-0.262471786375551,481.15748523611,1.71493369700768,478.967712402344,1.94087677737328,2.26970386505127,0,0,-0.334909198457896,481.283560779035,1.70743631339008,0.210124951880163,474.876190185547,2.68107414245605,2.2848641872406,0,0,0.357494551717879,476.076861394123,0.92737284356552,-0.262471786375551,1.71493369700768,0,-0,-1.97740548338323,-0.334909198457896,1.70743631339008,0,0.210124951880163,0,-0,-2.25247046372814
2025,3,480.399322509766,1.17963892494028,2.03260350227356,0,0,-0.309441763138785,482.738531699966,1.67325320334214,480.399322509766,1.17963892494028,2.03260350227356,0,0,-0.364666792641167,482.94581312829,1.68074508754017,0.20983048638048,474.713684082031,3.22255063056946,1.68005704879761,0,0,0.357095633024357,476.814296589381,0.926073239185698,-0.309441763138785,1.67325320334214,0,-0,-1.98269496648092,-0.364666792641167,1.68074508754017,0,0.20983048638048,0,-0,-2.25524236656181
2025,6,481.58056640625,-0.321438416359449,1.41447758674622,0,0,-0.366996068268921,484.280573397091,1.62118011974553,481.58056640625,-0.321438416359449,1.41447758674622,0,0,-0.402042117246529,484.599224248273,1.64472997090565,0.211863732723672,475.655395507812,2.56670069694519,1.53631484508514,0,0,0.367303138146963,477.767519882785,0.93504684001741,-0.366996068268921,1.62118011974553,0,-0,-1.98817618801445,-0.402042117246529,1.64472997090565,0,0.211863732723672,0,-0,-2.25863582087585
2025,9,481.523132324219,1.92396209202987,1.62409377098083,0,0,-0.430589526901687,485.494642068276,1.56018233014487,481.523132324219,1.92396209202987,1.62409377098083,0,0,-0.453086583918744,486.001880453206,1.59470675281625,0.212589312109749,476.725738525391,2.835618019104,1.5588995218277,0,0,0.370821953699498,478.69423409482,0.93824913756693,-0.430589526901687,1.56018233014487,0,-0,-1.99077185704656,-0.453086583918744,1.59470675281625,0,0.212589312109749,0,-0,-2.26038264884474
