Year,Month,yobs,piobs,rrobs,idx_y,idx_pi,rstar_lw,ybar_lw,gg_home,gg_home_f,yobs_us,piobs_us,rrobs_us,idx_y_us,idx_pi_us,rstar_lw_us,ybar_lw_us,gg_foreign
1962,6,NaN,NaN,NaN,NaN,NaN,NaN,NaN,NaN,0.263897995988746,292.100738525391,1.53810846805573,1.43980872631073,0,0,2.25709655566861,292.46627428492,1.13591525059533
1962,9,NaN,NaN,NaN,NaN,NaN,NaN,NaN,NaN,0.265592258650974,293.324737548828,1.31253671646118,1.49073684215546,0,0,2.267531612441,293.569235709766,1.14320798803856
1962,12,NaN,NaN,NaN,NaN,NaN,NaN,NaN,NaN,0.266729132843714,293.652404785156,0.748095214366913,1.54605162143707,0,0,2.27661740845454,294.506299865852,1.14810151793712
1963,3,NaN,NaN,NaN,NaN,NaN,NaN,NaN,NaN,0.270596994889107,294.739593505859,1.32197558879852,1.68209636211395,0,0,2.29848052370943,295.601935770779,1.16475023657592
1963,6,NaN,NaN,NaN,NaN,NaN,NaN,NaN,NaN,0.274269711800082,295.855743408203,1.51128315925598,1.72524774074554,0,0,2.3195520402308,296.656114140925,1.18055897788396
1963,9,NaN,NaN,NaN,NaN,NaN,NaN,NaN,NaN,0.278662733121955,298.031433105469,1.5377414226532,2.13029646873474,0,0,2.342752877706,297.936198974219,1.19946817761854
1963,12,NaN,NaN,NaN,NaN,NaN,NaN,NaN,NaN,0.279885642687998,298.682922363281,1.92390096187592,2.27353048324585,0,0,2.35213793679213,298.91264294166,1.20473203580345
1964,3,NaN,NaN,NaN,NaN,NaN,NaN,NaN,NaN,0.28387690068286,300.772003173828,1.69176089763641,2.17277717590332,0,0,2.3731350324588,300.210774128148,1.22191189656154
1964,6,NaN,NaN,NaN,NaN,NaN,NaN,NaN,NaN,0.284635982919867,301.854217529297,1.1847562789917,1.92562925815582,0,0,2.37934525274117,301.296961831094,1.22517926919255
1964,9,NaN,NaN,NaN,NaN,NaN,NaN,NaN,NaN,0.286446021717374,303.404144287109,1.11003255844116,1.82935857772827,0,0,2.38998344441413,302.531352474586,1.23297035023715
1964,12,NaN,NaN,NaN,NaN,NaN,NaN,NaN,NaN,0.286709983208866,303.712188720703,1.0200537443161,2.00505185127258,0,0,2.39462579864445,303.488842111321,1.23410653879604
1965,3,NaN,NaN,NaN,NaN,NaN,NaN,NaN,NaN,0.290595433832132,306.104125976562,1.50558924674988,2.55473899841309,0,0,2.41430222070891,304.852348127065,1.25083096522401
1965,6,NaN,NaN,NaN,NaN,NaN,NaN,NaN,NaN,0.290402719660405,307.359344482422,1.24120128154755,2.85770630836487,0,0,2.41492950465589,305.942770373111,1.25000145166196
1965,9,NaN,NaN,NaN,NaN,NaN,NaN,NaN,NaN,0.291436257355834,309.558135986328,1.23736178874969,2.87848520278931,0,0,2.41960186153697,307.21748689535,1.25445018279349
1965,12,NaN,NaN,NaN,NaN,NaN,NaN,NaN,NaN,0.289977169494326,311.83740234375,1.32704043388367,2.96354126930237,0,0,2.41088084938553,308.466178692207,1.24816972527188
1966,3,NaN,NaN,NaN,NaN,NaN,NaN,NaN,NaN,0.286410466970605,314.241424560547,1.99792158603668,3.32450222969055,0,0,2.39039538681572,309.791567144024,1.23281730936644
1966,6,NaN,NaN,NaN,NaN,NaN,NaN,NaN,NaN,0.279346542890972,314.581085205078,3.24367237091064,3.62130498886108,0,0,2.35437357756761,310.771599015501,1.20241154951578
1966,9,NaN,NaN,NaN,NaN,NaN,NaN,NaN,NaN,0.275088831003764,315.426300048828,3.28626489639282,3.94509887695312,0,0,2.33102007965208,311.892889058547,1.18408477197736
1966,12,NaN,NaN,NaN,NaN,NaN,NaN,NaN,NaN,0.270389161631415,316.241638183594,3.4410719871521,3.60142540931702,0,0,2.30521772218525,312.982280187092,1.16385564483752
1967,3,NaN,NaN,NaN,NaN,NaN,NaN,NaN,NaN,0.265507866310001,317.124298095703,2.19496369361877,2.3010470867157,0,0,2.27813604559956,314.089567154626,1.14284473197522
1967,6,NaN,NaN,NaN,NaN,NaN,NaN,NaN,NaN,0.259889892254517,317.185882568359,2.66898798942566,1.04130709171295,0,0,2.24839846209798,315.009631705878,1.11866287950164
1967,9,NaN,NaN,NaN,NaN,NaN,NaN,NaN,NaN,0.25672482983889,318.127410888672,3.61509037017822,0.948461472988129,0,0,2.22978152790778,316.064248956019,1.10503927219259
1967,12,NaN,NaN,NaN,NaN,NaN,NaN,NaN,NaN,0.253084669438106,318.878723144531,4.01541996002197,1.33501613140106,0,0,2.20918172918262,316.990426574096,1.08937066622849
1968,3,NaN,NaN,NaN,NaN,NaN,NaN,NaN,NaN,0.250999610407733,320.89794921875,4.53413534164429,1.88700866699219,0,0,2.1943236066711,318.120753440225,1.08039579568384
1968,6,NaN,NaN,NaN,NaN,NaN,NaN,NaN,NaN,0.246223913626538,322.552947998047,4.62652826309204,2.83050990104675,0,0,2.16609054089325,319.174089973859,1.05983941826364
1968,9,NaN,NaN,NaN,NaN,NaN,NaN,NaN,NaN,0.240119354362595,323.325927734375,4.44615316390991,2.20865368843079,0,0,2.13180985221392,320.11148704829,1.03356312184807
1968,12,NaN,NaN,NaN,NaN,NaN,NaN,NaN,NaN,0.234596153835978,323.716918945312,4.6284761428833,1.73939299583435,0,0,2.10056346917735,320.970007434862,1.00978920993648
1969,3,NaN,NaN,NaN,NaN,NaN,NaN,NaN,NaN,0.230541035394115,325.26953125,4.34696102142334,2.14415216445923,0,0,2.07491348960513,322.032595243571,0.992334470032813
1969,6,NaN,NaN,NaN,NaN,NaN,NaN,NaN,NaN,0.223763502089541,325.571899414062,4.75921201705933,3.7299964427948,0,0,2.0372182755866,322.827285328122,0.963161442730204
1969,9,NaN,NaN,NaN,NaN,NaN,NaN,NaN,NaN,0.219057890986903,326.230133056641,4.58822154998779,4.38154220581055,0,0,2.00897763892078,323.753375158323,0.942906740170486
1969,12,NaN,NaN,NaN,NaN,NaN,NaN,NaN,NaN,0.213581008694529,325.741577148438,4.66998434066772,4.30650901794434,0,0,1.97831231153058,324.484548553105,0.919332199188038
1970,3,NaN,NaN,NaN,NaN,NaN,NaN,NaN,NaN,0.210755645040472,325.592651367188,4.33164119720459,3.92694425582886,0,0,1.96044422832245,325.28851037085,0.907170781852918
1970,6,NaN,NaN,NaN,NaN,NaN,NaN,NaN,NaN,0.208798982996648,325.734039306641,4.5012731552124,3.24606156349182,0,0,1.94675336584517,326.088473499387,0.898748579753529
1970,9,NaN,NaN,NaN,NaN,NaN,NaN,NaN,NaN,0.207501572210916,326.651031494141,4.42521715164185,2.13953065872192,0,0,1.93552779092975,327.046706566967,0.893164040574754
1970,12,NaN,NaN,NaN,NaN,NaN,NaN,NaN,NaN,0.204027751160199,325.573760986328,5.5785083770752,1.13124179840088,0,0,1.91649561825896,327.529043290469,0.878211421118266
1971,3,NaN,NaN,NaN,NaN,NaN,NaN,NaN,NaN,0.206957382273282,328.252807617188,5.03568029403687,-0.506063401699066,0,0,1.9245199251008,328.71110504976,0.890821644426334
1971,6,NaN,NaN,NaN,NaN,NaN,NaN,NaN,NaN,0.202847165507448,328.793273925781,4.53709173202515,-0.0617176927626133,0,0,1.90082174907894,329.396487099728,0.87312974081763
1971,9,NaN,NaN,NaN,NaN,NaN,NaN,NaN,NaN,0.20145756636231,329.612121582031,3.75224614143372,0.655690133571625,0,0,1.89031430458391,330.19125179017,0.867148388608937
1971,12,NaN,NaN,NaN,NaN,NaN,NaN,NaN,NaN,0.200529759132828,329.845611572266,2.27759718894958,-0.101146534085274,0,0,1.88304668114673,330.833673485542,0.86315476077697
1972,3,NaN,NaN,NaN,NaN,NaN,NaN,NaN,NaN,0.202694315476454,331.665863037109,3.81802749633789,-0.925238788127899,0,0,1.88889858301183,331.732813284052,0.872471817362737
1972,6,NaN,NaN,NaN,NaN,NaN,NaN,NaN,NaN,0.202838129982591,333.911163330078,2.69639086723328,0.481130748987198,0,0,1.88393426071517,332.665329358011,0.873090848553806
1972,9,NaN,NaN,NaN,NaN,NaN,NaN,NaN,NaN,0.200592340363252,334.851104736328,2.99610805511475,1.24993205070496,0,0,1.86815407999744,333.352715464533,0.863424133698024
1972,12,NaN,NaN,NaN,NaN,NaN,NaN,NaN,NaN,0.200525990995512,336.510559082031,2.50357961654663,2.08515548706055,0,0,1.86126930906988,334.180570018098,0.863138541310703
1973,3,NaN,NaN,NaN,NaN,NaN,NaN,NaN,NaN,0.199534210038655,338.954986572266,2.77796268463135,3.53107190132141,0,0,1.84760007064608,335.157437157365,0.858869546732238
1973,6,NaN,NaN,NaN,NaN,NaN,NaN,NaN,NaN,0.194790419228423,340.038452148438,5.41118144989014,4.89767456054688,0,0,1.81575342998256,335.968619036273,0.838450504492881
1973,9,NaN,NaN,NaN,NaN,NaN,NaN,NaN,NaN,0.189591009293708,339.511322021484,5.28131055831909,7.6540002822876,0,0,1.78269545989999,336.540291311546,0.816070307868758
1973,12,NaN,NaN,NaN,NaN,NaN,NaN,NaN,NaN,0.187949833847291,340.455596923828,5.5307674407959,6.45159912109375,0,0,1.76444143546482,337.483916352126,0.809006077572112
1974,3,NaN,NaN,NaN,NaN,NaN,NaN,NaN,NaN,0.182541023319972,339.593353271484,6.80897235870361,5.22454738616943,0,1,1.72937989610724,338.071005437698,0.78572454281645
1974,6,NaN,NaN,NaN,NaN,NaN,NaN,NaN,NaN,0.179973182736397,339.830871582031,9.8184871673584,6.26708221435547,0,1,1.70679502620308,338.893694424008,0.774671600678516
1974,9,NaN,NaN,NaN,NaN,NaN,NaN,NaN,NaN,0.17553193873926,338.880676269531,11.2713623046875,6.09521865844727,0,1,1.67661074692603,339.463142673127,0.75555483259143
1974,12,NaN,NaN,NaN,NaN,NaN,NaN,NaN,NaN,0.173895788765953,338.491729736328,9.65632438659668,2.29752230644226,0,1,1.65974622686588,340.193576362567,0.748512233802544
1975,3,NaN,NaN,NaN,NaN,NaN,NaN,NaN,NaN,0.171910951010355,337.265441894531,7.73817729949951,-1.97696793079376,0,1,1.64312433943737,340.682273251113,0.739968752947018
1975,6,NaN,NaN,NaN,NaN,NaN,NaN,NaN,NaN,0.174031853861609,337.97802734375,6.05059862136841,-3.76218819618225,0,1,1.64554748915427,341.395529766856,0.749097908645014
1975,9,NaN,NaN,NaN,NaN,NaN,NaN,NaN,NaN,0.175773073588691,339.675323486328,5.95547771453857,-3.16738605499268,0,1,1.64584047594985,342.147051912568,0.756592766782227
1975,12,NaN,NaN,NaN,NaN,NaN,NaN,NaN,NaN,0.176644990669982,341.013366699219,6.46425580978394,-2.86888527870178,0,1,1.64258392994133,342.769060625075,0.760345822602835
1976,3,NaN,NaN,NaN,NaN,NaN,NaN,NaN,NaN,0.17915006084206,343.237609863281,6.03245210647583,-2.21198081970215,0,1,1.64614667797864,343.606440118247,0.771128577513926
1976,6,NaN,NaN,NaN,NaN,NaN,NaN,NaN,NaN,0.179437912459205,343.968688964844,4.77071857452393,-1.15599727630615,0,1,1.64065263265678,344.2068988048,0.77236759807033
1976,9,NaN,NaN,NaN,NaN,NaN,NaN,NaN,NaN,0.182358362022064,344.515075683594,6.21643304824829,-0.653274774551392,0,1,1.64847951894668,344.854101660336,0.784938300567016
1976,12,NaN,NaN,NaN,NaN,NaN,NaN,NaN,NaN,0.187108996242844,345.235382080078,6.21274375915527,-0.801753997802734,0,0,1.66542004142746,345.553762419536,0.805386799393864
1977,3,NaN,NaN,NaN,NaN,NaN,NaN,NaN,NaN,0.192889766190505,346.414215087891,6.67542695999146,-1.01826095581055,0,0,1.6871029253561,346.31976555614,0.830269386012716
1977,6,NaN,NaN,NaN,NaN,NaN,NaN,NaN,NaN,0.198661139055361,348.338073730469,6.06592512130737,-0.518225848674774,0,0,1.70781984908367,347.204830976667,0.855111524087693
1977,9,NaN,NaN,NaN,NaN,NaN,NaN,NaN,NaN,0.202520409198471,350.125305175781,6.59842157363892,-0.0717783272266388,0,0,1.71908295078092,348.124239102145,0.87172325997944
1977,12,NaN,NaN,NaN,NaN,NaN,NaN,NaN,NaN,0.204491053177818,350.126770019531,5.77099084854126,0.265451848506927,0,0,1.7233201070175,348.780059687043,0.880205645536202
1978,3,NaN,NaN,NaN,NaN,NaN,NaN,NaN,NaN,0.20995938346433,350.446563720703,6.19207906723022,0.431894451379776,0,0,1.74456434146805,349.453565614023,0.903743375500647
1978,6,NaN,NaN,NaN,NaN,NaN,NaN,NaN,NaN,0.218185402910215,354.237670898438,6.84202527999878,1.09146618843079,0,0,1.77470058416506,350.76724703151,0.939151226573047
1978,9,NaN,NaN,NaN,NaN,NaN,NaN,NaN,NaN,0.217474228864772,355.238464355469,6.80454158782959,1.88469922542572,0,0,1.76360133142011,351.53496500148,0.936090068639584
1978,12,NaN,NaN,NaN,NaN,NaN,NaN,NaN,NaN,0.218787661511501,356.574554443359,7.11619281768799,3.17512392997742,0,0,1.76126626174456,352.505384625242,0.941743571874648
1979,3,NaN,NaN,NaN,NaN,NaN,NaN,NaN,NaN,0.21830599128151,356.752899169922,5.42757225036621,3.45447134971619,0,0,1.75122091508077,353.304620082212,0.939670283830327
1979,6,NaN,NaN,NaN,NaN,NaN,NaN,NaN,NaN,0.219442827894313,356.860595703125,8.69945430755615,3.40047931671143,0,0,1.74902148036309,354.141163982634,0.944563651970843
1979,9,NaN,NaN,NaN,NaN,NaN,NaN,NaN,NaN,0.221383076804837,357.600280761719,7.31444835662842,4.1434383392334,0,0,1.75006546354893,355.096911723555,0.952915205832243
1979,12,NaN,NaN,NaN,NaN,NaN,NaN,NaN,NaN,0.221971692598193,357.849273681641,8.25732040405273,6.22476148605347,0,0,1.74506188122565,355.962581465853,0.955448827407916
1980,3,NaN,NaN,NaN,NaN,NaN,NaN,NaN,NaN,0.223067932309336,358.164428710938,9.66786766052246,7.54290056228638,0,0,1.74245422641205,356.967615578392,0.960167451365368
1980,6,NaN,NaN,NaN,NaN,NaN,NaN,NaN,NaN,0.222434341443142,356.08203125,8.8497486114502,4.79822158813477,0,0,1.73483062886155,357.573432400303,0.95744024032744
1980,9,NaN,NaN,NaN,NaN,NaN,NaN,NaN,NaN,0.2276825359254,355.962371826172,8.80780124664307,1.32587110996246,0,0,1.75464418832529,358.503209795625,0.980030423811596
1980,12,NaN,NaN,NaN,NaN,NaN,NaN,NaN,NaN,0.232292486736757,357.81103515625,9.62799549102783,6.77771997451782,0,0,1.76982345565722,359.611141702299,0.999873368853656
1981,3,NaN,NaN,NaN,NaN,NaN,NaN,NaN,NaN,0.233051365564728,359.750885009766,8.77752113342285,6.98759508132935,0,0,1.76577017320636,360.754021072161,1.00313986593643
1981,6,NaN,NaN,NaN,NaN,NaN,NaN,NaN,NaN,0.229846796036271,359.006744384766,7.48833751678467,7.81903505325317,0,0,1.74502328614856,361.457291047838,0.989346205301267
1981,9,NaN,NaN,NaN,NaN,NaN,NaN,NaN,NaN,0.230860372895389,360.197662353516,7.29952526092529,7.87652778625488,0,0,1.74242227146577,362.63270219647,0.993709017559881
1981,12,NaN,NaN,NaN,NaN,NaN,NaN,NaN,NaN,0.227081213459154,359.102600097656,7.05227994918823,4.52694797515869,0,0,1.71937170855972,363.41396765155,0.977442107983825
1982,3,NaN,NaN,NaN,NaN,NaN,NaN,NaN,NaN,0.226385615086157,357.535888671875,5.81238269805908,5.53453922271729,0,0,1.7131006097367,364.096367112432,0.974447993544963
1982,6,NaN,NaN,NaN,NaN,NaN,NaN,NaN,NaN,0.230296110845887,357.991271972656,5.37435817718506,6.49524927139282,0,0,1.72816200130429,365.108000814969,0.991280223567111
1982,9,NaN,NaN,NaN,NaN,NaN,NaN,NaN,NaN,0.23263939773215,357.608520507812,6.3613657951355,3.97685670852661,0,0,1.73728898131775,365.937475983515,1.00136660296781
1982,12,NaN,NaN,NaN,NaN,NaN,NaN,NaN,NaN,0.237266818069061,357.648223876953,5.53194999694824,2.80404734611511,0,0,1.75796311172014,366.818598172621,1.02128474335352
1983,3,NaN,NaN,NaN,NaN,NaN,NaN,NaN,NaN,0.243269645575546,358.958099365234,5.21913862228394,2.50767707824707,0,0,1.78465682152935,367.828904913349,1.04712314839999
1983,6,NaN,NaN,NaN,NaN,NaN,NaN,NaN,NaN,0.248343043591514,361.208221435547,3.04846906661987,2.90864014625549,0,0,1.80580479618766,368.935771028325,1.06896094279887
1983,9,NaN,NaN,NaN,NaN,NaN,NaN,NaN,NaN,0.25100905038221,363.186309814453,6.03385210037231,3.82983779907227,0,0,1.81501184210036,369.981028394401,1.08043642884944
1983,12,NaN,NaN,NaN,NaN,NaN,NaN,NaN,NaN,0.25270124619791,365.251678466797,3.18787503242493,4.22915458679199,0,0,1.8186695481216,371.060257064922,1.08772026981551
1984,3,NaN,NaN,NaN,NaN,NaN,NaN,NaN,NaN,0.252841242337746,367.186950683594,4.0190544128418,4.66107797622681,0,0,1.8139692555306,372.139497296863,1.08832286533606
1984,6,NaN,NaN,NaN,NaN,NaN,NaN,NaN,NaN,0.251464170142081,368.900909423828,4.65562963485718,6.14986610412598,0,0,1.80120917899665,373.220086005916,1.08239543378295
1984,9,NaN,NaN,NaN,NaN,NaN,NaN,NaN,NaN,0.248559441263455,369.8603515625,3.73766088485718,7.00095081329346,0,0,1.78107631735154,374.200589532989,1.0698923989656
1984,12,NaN,NaN,NaN,NaN,NaN,NaN,NaN,NaN,0.245891966052432,370.677368164062,2.83661651611328,4.76729249954224,0,0,1.76150583835083,375.193002508702,1.0584105922871
1985,3,NaN,NaN,NaN,NaN,NaN,NaN,NaN,NaN,0.242962703689806,371.641448974609,5.41925525665283,4.58007144927979,0,0,1.73997594636537,376.206565964732,1.04580195621832
1985,6,NaN,NaN,NaN,NaN,NaN,NaN,NaN,NaN,0.239165164500387,372.518463134766,3.45384526252747,3.96353983879089,0,0,1.71405027320143,377.139381993494,1.02945593333993
1985,9,NaN,NaN,NaN,NaN,NaN,NaN,NaN,NaN,0.235699466815872,374.033782958984,4.08710145950317,3.75438690185547,0,0,1.688500944933,378.179403433184,1.01453827987673
1985,12,NaN,NaN,NaN,NaN,NaN,NaN,NaN,NaN,0.230296075269361,374.774871826172,2.85863947868347,4.18073034286499,0,0,1.65397908054469,379.042955333065,0.991280070432492
1986,3,NaN,NaN,NaN,NaN,NaN,NaN,NaN,NaN,0.226054677480981,375.703826904297,4.29562568664551,3.80064392089844,0,0,1.62448125751232,379.968146083076,0.973023514850813
1986,6,NaN,NaN,NaN,NaN,NaN,NaN,NaN,NaN,0.22147527336897,376.153137207031,2.7332067489624,2.98780250549316,0,0,1.59366710130543,380.78082925248,0.953312054178359
1986,9,NaN,NaN,NaN,NaN,NaN,NaN,NaN,NaN,0.218367860475149,377.105529785156,2.73782539367676,2.52733969688416,0,0,1.56927503810007,381.678907071298,0.939936591879894
1986,12,NaN,NaN,NaN,NaN,NaN,NaN,NaN,NaN,0.214858978840674,377.640594482422,3.2439911365509,2.86057806015015,0,0,1.54334293445707,382.467448667221,0.924833058614318
1987,3,NaN,NaN,NaN,NaN,NaN,NaN,NaN,NaN,0.212851432923706,378.379974365234,2.52525949478149,2.98551058769226,0,0,1.52441219002661,383.277007056149,0.916191833375719
1987,6,NaN,NaN,NaN,NaN,NaN,NaN,NaN,NaN,0.211664420951151,379.452514648438,3.864830493927,3.49997115135193,0,0,1.508837123383,384.140434616842,0.911082491801475
1987,9,NaN,NaN,NaN,NaN,NaN,NaN,NaN,NaN,0.210144764000428,380.315185546875,3.5671124458313,3.98520374298096,0,0,1.49153088142054,384.932150850121,0.904541322363898
1987,12,NaN,NaN,NaN,NaN,NaN,NaN,NaN,NaN,0.209419868611939,382.017486572266,4.0448203086853,3.79432988166809,0,0,1.47650511351856,385.906872069034,0.901421102660124
1988,3,NaN,NaN,NaN,NaN,NaN,NaN,NaN,NaN,0.205971990267999,382.533386230469,3.84122228622437,3.36179256439209,0,0,1.44906108815212,386.642097437589,0.886580150274695
1988,6,NaN,NaN,NaN,NaN,NaN,NaN,NaN,NaN,0.204217217220776,383.838928222656,4.81877994537354,3.60614967346191,0,0,1.42854566225291,387.55435703709,0.87902695360033
1988,9,NaN,NaN,NaN,NaN,NaN,NaN,NaN,NaN,0.20057018619133,384.423065185547,4.580726146698,4.09573554992676,0,0,1.3993502034787,388.291373084639,0.863328773891835
1988,12,NaN,NaN,NaN,NaN,NaN,NaN,NaN,NaN,0.198114019617194,385.746734619141,4.44420051574707,4.30841302871704,0,0,1.37462661940702,389.170550166982,0.852756518278033
1989,3,NaN,NaN,NaN,NaN,NaN,NaN,NaN,NaN,0.193804969756055,386.757781982422,4.34185218811035,5.02282285690308,0,0,1.34063123938417,389.97482349418,0.834208762981506
1989,6,NaN,NaN,NaN,NaN,NaN,NaN,NaN,NaN,0.188851489228371,387.518310546875,3.62249302864075,5.13173484802246,0,0,1.30313680172461,390.737961272602,0.812887138109588
1989,9,NaN,NaN,NaN,NaN,NaN,NaN,NaN,NaN,0.183659174722384,388.255981445312,2.96566724777222,4.45252561569214,0,0,1.26385707662305,391.509858758038,0.790537482853053
1989,12,NaN,NaN,NaN,NaN,NaN,NaN,NaN,NaN,0.177736195782523,388.453369140625,3.64525628089905,4.33611631393433,0,0,1.2211527285973,392.146868736025,0.765042775773013
1990,3,NaN,NaN,NaN,NaN,NaN,NaN,NaN,NaN,0.173147096961065,389.540130615234,4.57984828948975,3.79739928245544,0,0,1.18341570585111,392.942365440123,0.745289585460776
1990,6,NaN,NaN,NaN,NaN,NaN,NaN,NaN,NaN,0.166480436063523,389.902770996094,4.44377756118774,3.75212454795837,0,0,1.13599699699494,393.583922450108,0.716593794287021
1990,9,NaN,NaN,NaN,NaN,NaN,NaN,NaN,NaN,0.160420230441562,389.969177246094,4.0219030380249,3.57529377937317,0,0,1.09180837170098,394.214173846928,0.690508412463877
1990,12,NaN,NaN,NaN,NaN,NaN,NaN,NaN,NaN,0.154930545661607,389.054260253906,3.34459328651428,2.59047675132751,0,0,1.05198547550394,394.67096788031,0.666878764807221
1991,3,NaN,NaN,NaN,NaN,NaN,NaN,NaN,NaN,0.152996001586553,388.585113525391,3.53483724594116,2.48343753814697,0,0,1.0297285662999,395.16927243186,0.658551766682173
1991,6,NaN,NaN,NaN,NaN,NaN,NaN,NaN,NaN,0.153349480558677,389.36181640625,3.07157850265503,2.0353946685791,0,0,1.01769237075484,395.837599381851,0.66007327181409
1991,9,NaN,NaN,NaN,NaN,NaN,NaN,NaN,NaN,0.152660818716901,389.866058349609,3.58539938926697,1.82766544818878,0,0,1.00110530910701,396.421276000189,0.657109014788777
1991,12,NaN,NaN,NaN,NaN,NaN,NaN,NaN,NaN,0.15265888597703,390.213653564453,3.13477063179016,1.32475316524506,0,0,0.988289983177304,396.956147074491,0.657100695556617
1992,3,NaN,NaN,NaN,NaN,NaN,NaN,NaN,NaN,0.154149936576154,391.403747558594,3.04982948303223,0.454314708709717,0,0,0.981898367507433,397.629407334506,0.66351873260388
1992,6,NaN,NaN,NaN,NaN,NaN,NaN,NaN,NaN,0.154494203412785,392.482269287109,2.81307339668274,0.205147206783295,0,0,0.970077542706652,398.251893017149,0.665000585274033
1992,9,NaN,NaN,NaN,NaN,NaN,NaN,NaN,NaN,0.154801939453246,393.466064453125,2.3625819683075,-0.141362249851227,0,0,0.958222269063247,398.85504900548,0.666325195793362
1992,12,NaN,NaN,NaN,NaN,NaN,NaN,NaN,NaN,0.155493370345637,394.502807617188,2.92038321495056,-0.111699491739273,0,0,0.948279049027945,399.503224314339,0.669301371843724
1993,3,NaN,NaN,NaN,NaN,NaN,NaN,NaN,NaN,0.155920612633369,394.670318603516,2.74875521659851,-0.229674726724625,0,0,0.938468377853659,400.009157221147,0.671140381755546
1993,6,NaN,NaN,NaN,NaN,NaN,NaN,NaN,NaN,0.158920147352752,395.250122070312,3.02484250068665,-0.327130645513535,0,0,0.941331951466326,400.625995281129,0.684051496217298
1993,9,NaN,NaN,NaN,NaN,NaN,NaN,NaN,NaN,0.162503956374267,395.726531982422,2.23010635375977,-0.222918003797531,0,0,0.947845774906085,401.194820073243,0.699477544859722
1993,12,NaN,NaN,NaN,NaN,NaN,NaN,NaN,NaN,0.167746505779479,397.077697753906,2.05203461647034,-0.00404837355017662,0,0,0.961850671242,401.929349993994,0.722043429830041
1994,3,NaN,NaN,NaN,NaN,NaN,NaN,NaN,NaN,0.171792766935826,398.043090820312,1.8110032081604,-0.088861845433712,0,0,0.970698030575617,402.58148051434,0.739460044678385
1994,6,NaN,NaN,NaN,NaN,NaN,NaN,NaN,NaN,0.176569345488819,399.389678955078,2.68254065513611,0.622413277626038,0,0,0.982808319469499,403.353129986825,0.760020217572773
1994,9,NaN,NaN,NaN,NaN,NaN,NaN,NaN,NaN,0.180201810737028,399.972442626953,2.22696471214294,1.14672160148621,0,0,0.99050009287818,403.998526035641,0.775655700734509
1994,12,NaN,NaN,NaN,NaN,NaN,NaN,NaN,NaN,0.185410049310903,401.110992431641,2.0271999835968,1.73539078235626,0,0,1.00547722404589,404.81154700996,0.798073899109369
1995,3,NaN,NaN,NaN,NaN,NaN,NaN,NaN,NaN,0.189371206854752,401.465850830078,2.09077000617981,2.17099452018738,0,0,1.01566094415718,405.515300006565,0.815124196316858
1995,6,349.468719482422,49.7379073252099,-71.8256530761719,0,1,-0.113854659923331,348.821237793213,1.22047323054235,0.194627738505441,401.763122558594,2.36793756484985,2.44732427597046,0,0,1.03275989130498,406.25222713137,0.837750266078711
1995,9,348.603668212891,37.7324474193504,-91.7360687255859,0,1,-0.167828815856727,350.068281136378,1.17211819398501,0.200798739054943,402.6103515625,1.90228998661041,2.42128491401672,0,0,1.05424273342614,407.10815423928,0.864312550530129
1995,12,349.152801513672,38.1913669532331,-89.4214859008789,0,1,-0.215217680471797,351.233403020419,1.13072133956958,0.206016993606527,403.287506103516,2.00056600570679,2.71342253684998,0,0,1.07175328346964,407.934729489856,0.886773861403006
1996,3,349.181335449219,37.0296541343822,-80.1256713867188,0,1,-0.22931611438498,352.360960303093,1.12157541206603,0.211289113473397,404.033325195312,1.5696028470993,2.33700060844421,0,0,1.08981348329216,408.761019990083,0.90946702865237
1996,6,350.882965087891,20.9318065998466,-60.4001350402832,0,1,-0.192958701862632,353.558231332468,1.16173090706932,0.216837509411988,405.687316894531,1.89742207527161,2.21191143989563,0,0,1.10823799950301,409.765698267665,0.933349390999884
1996,9,354.090759277344,22.351945147141,-24.4792461395264,0,1,-0.128096934984999,354.865798665993,1.2326526691416,0.219673831730979,406.580993652344,1.82047927379608,2.22205924987793,0,0,1.11435603800547,410.627079663134,0.945557978509897
1996,12,355.517272949219,28.0626187259163,-9.01098155975342,0,1,-0.0533674297066453,356.217058993451,1.31260164284913,0.222924235871872,407.613922119141,2.27064609527588,2.23103094100952,0,0,1.12245331521812,411.558720797873,0.959548928385835
1997,3,358.201690673828,47.9800276143541,1.88625967502594,0,1,0.0554324894848708,357.776782709164,1.4270822618717,0.225498395029891,408.25732421875,1.56831002235413,2.09291863441467,0,0,1.12793962508527,412.401825465095,0.970629068021217
1997,6,361.456695556641,38.1323141494626,4.46802234649658,0,1,0.143172436897582,359.455542646192,1.51975641914061,0.229168558040521,409.908416748047,2.08161902427673,2.41810727119446,0,0,1.13764968398304,413.438913003331,0.986426816391099
1997,9,364.826141357422,29.781020119796,-8.84832286834717,0,1,0.192476495186249,361.19397624361,1.57706347563817,0.230386502295355,411.149353027344,0.932803511619568,2.71766972541809,0,0,1.13581555924174,414.396875721465,0.991669302027479
1997,12,368.021606445312,31.5587450035261,-14.5617275238037,0,1,0.206064907337568,362.937131497384,1.59995397570106,0.230945079941819,411.999694824219,1.26385176181793,2.93935918807983,0,0,1.13117463514327,415.314550433479,0.994073628232696
1998,3,370.935211181641,31.2050434296557,-12.988582611084,0,1,0.197918797966369,364.656899994175,1.60144979549532,0.231659058241763,412.998077392578,1.1768000125885,2.96884703636169,0,0,1.12718498572323,416.279880206563,0.997146856721843
1998,6,372.361663818359,33.4455840391254,-18.0051651000977,0,1,0.184381151944373,366.341182473937,1.59849184745752,0.23162584570526,413.919525146484,1.22306394577026,2.90989804267883,0,0,1.11972101712257,417.220071299437,0.99700389759635
1998,9,371.042938232422,41.0491429404806,-23.7984008789062,0,1,0.189238795020355,367.97766326149,1.61383132375383,0.231276882932772,415.171295166016,1.41731715202332,3.0213668346405,0,0,1.11029638114805,418.196136224249,0.995501831869501
1998,12,371.340179443359,49.9845299211601,40.1742935180664,0,1,0.253106900599947,369.756447198586,1.68871552467389,0.22977089447648,416.767547607422,1.27341103553772,2.58969473838806,0,0,1.09455132173896,419.228315958549,0.989019496722114
1999,3,372.080932617188,49.9574862512824,-24.1693725585938,0,1,0.333783979294579,371.677268100115,1.7824504253118,0.225995303666819,417.702362060547,1.00170707702637,2.31248021125793,0,0,1.0682477204264,420.135533079252,0.972767947843796
1999,6,375.742004394531,48.7369964079716,-21.8866310119629,0,1,0.404294292171156,373.811211350833,1.86640447501073,0.222201367952853,418.533264160156,1.38612937927246,2.22590923309326,0,0,1.04188649666699,421.020218842292,0.956437435665689
1999,9,373.809539794922,47.2235336980202,-30.7920169830322,0,1,0.390827305572734,375.701216866591,1.86598388718234,0.218425498021159,419.851013183594,1.46999669075012,2.57707810401917,0,0,1.01495321473761,421.947472540932,0.940184685342194
1999,12,376.776000976562,49.7540814183242,17.2478427886963,0,1,0.447282094826655,377.839505072876,1.93595478164206,0.213414837936963,421.478302001953,1.87719976902008,2.67469429969788,0,0,0.981206047246988,422.931945125103,0.918616938365329
2000,3,379.215270996094,49.590727921806,0.875574350357056,0,1,0.459667858163952,380.023616472867,1.96434439281461,0.205866150654468,421.839935302734,2.09063911437988,3.06024765968323,0,0,0.936216879087374,423.645961184088,0.886124577163287
2000,6,378.017700195312,43.8494690059246,-20.1008853912354,0,1,0.424762239920512,382.10472170402,1.94300079662832,0.200317125287135,423.645141601562,1.39305639266968,3.63055109977722,0,0,0.898881485633538,424.655737255131,0.862239505520067
2000,9,378.796081542969,41.6626006295512,-28.1065063476562,0,1,0.38808334831308,384.200852667078,1.92331682135999,0.190656083925067,423.746978759766,1.92516613006592,3.74776244163513,0,0,0.843071273769137,425.318103072968,0.820654785716912
2000,12,379.679901123047,43.0210980293114,-31.9710865020752,0,1,0.333261620182456,386.231061640448,1.88273219375081,0.183035610729187,424.342590332031,1.97602581977844,3.68028330802917,0,0,0.796403483773123,426.120167977967,0.787853431210521
2001,3,381.699645996094,40.2188998651463,-20.929220199585,0,1,0.271458647258592,388.24074360226,1.83563068477007,0.174175311663558,424.013854980469,2.59208202362061,3.12917280197144,0,0,0.744807531055279,426.706799414044,0.74971540444842
2001,6,383.2734375,32.4820373967986,-22.1760349273682,0,1,0.186961018125561,390.162573076868,1.76291836655054,0.16752818854763,424.636596679688,1.50943696498871,1.8065037727356,0,0,0.703015455470816,427.470662801208,0.721103711162619
2001,9,383.981872558594,19.5287812848401,-26.3812522888184,0,0,0.082676087699991,391.874330393775,1.67129545487515,0.159204803209681,424.235015869141,1.03103744983673,1.07630443572998,0,0,0.65457672715567,427.974740854907,0.68527676103163
2001,12,384.804962158203,33.8604938639959,-13.7597379684448,0,1,0.0337904979667765,393.575133106565,1.63142360272517,0.153687412500359,424.509704589844,1.92566728591919,0.231597751379013,0,0,0.61943194191928,428.557967127593,0.66152785673726
2002,3,385.863403320312,41.0668953992092,17.6007537841797,0,1,0.0178226893989568,395.291421746003,1.62305740570499,0.148811508811019,425.342498779297,1.22611713409424,-0.677904427051544,0,0,0.587020608483253,429.174993940531,0.640540151467262
2002,6,388.945770263672,27.7838422934496,5.45923852920532,0,1,0.0158036191455104,397.119580683477,1.62874370449153,0.143580567251145,425.952911376953,2.19486474990845,-0.671096861362457,0,0,0.553287422424217,429.720468249343,0.618024230986048
2002,9,388.581146240234,15.6789250108115,-9.27519989013672,0,0,-0.03794110247751,398.724562856504,1.58173946205075,0.139106595024205,426.358703613281,2.1280689239502,-0.638852000236511,0,0,0.523830606314715,430.229174913101,0.598766588409871
2002,12,389.993896484375,22.9084152324984,-7.28880405426025,0,1,-0.0329686076352014,400.397362771744,1.59179872376566,0.135836360894448,426.482574462891,1.41924703121185,-0.745612144470215,0,0,0.501057866721702,430.677169580005,0.584690282877156
2003,3,391.749603271484,31.8307957741464,-3.67448210716248,0,1,-0.00492109612792779,402.117188011324,1.62253494492782,0.134635404755279,427.007415771484,1.23220467567444,-0.900479078292847,0,0,0.488377711605776,431.176216369896,0.57952092041699
2003,6,393.834594726562,21.883939587375,-6.81069612503052,0,0,0.0360966395047753,403.877558715327,1.66506647359592,0.134277867389021,427.8896484375,1.51333403587341,-0.716017663478851,0,0,0.479634462352861,431.684991402171,0.577981946445364
2003,9,396.201019287109,15.9054755386691,-10.2655181884766,0,0,0.0923892306484961,405.690061715212,1.72218430049264,0.134362105121688,429.5390625,1.82670617103577,-0.707763850688934,0,0,0.471988429078893,432.316215666116,0.578344537016975
2003,12,398.25048828125,19.4120426868135,-0.409573644399643,0,0,0.167717915185969,407.591141901199,1.79992037028222,0.132524567955432,430.693237304688,1.78811538219452,-0.729076087474823,0,0,0.455233835922477,432.863920923369,0.570435092752854
2004,3,401.159057617188,21.071417570044,0.654679715633392,0,0,0.260244258559196,409.652782371754,1.89478198458068,0.130445923790646,431.258178710938,2.19479560852051,-0.943215429782867,0,0,0.437863073748402,433.330863065042,0.561487834178592
2004,6,404.960266113281,13.9828670687499,-3.73815035820007,0,0,0.332627615732376,411.810343818195,1.96833876967616,0.129536062828335,432.030334472656,2.27918171882629,-1.04523694515228,0,0,0.426026733047322,433.844385372572,0.557571453763734
2004,9,407.857269287109,6.89379103735144,-4.31785869598389,0,0,0.372832068242036,413.943545952153,2.00965007549287,0.128729088997347,432.973999023438,1.42948412895203,-0.899122893810272,0,0,0.414565459727907,434.367332112435,0.554097937877352
2004,12,409.095031738281,11.8529417366846,-5.07616519927979,0,0,0.425734935608136,416.108662852904,2.06346940373474,0.127747603274424,433.989288330078,2.16268920898438,-0.450220346450806,0,0,0.402066019281641,434.889155272255,0.549873257819694
2005,3,410.587036132812,14.1124777241065,-0.991297543048859,0,0,0.508534431859875,418.397587833997,2.1468563791618,0.126505509476409,435.092254638672,2.83665990829468,0.133650705218315,0,0,0.387954752704317,435.444115732749,0.54452682355615
2005,6,413.295043945312,7.84388106470145,-4.06037330627441,0,0,0.597906787895527,420.797776505861,2.23733057730976,0.124341880867631,435.583953857422,1.97652423381805,0.448179244995117,0,0,0.369849622912624,435.893101566249,0.535213760286658
2005,9,416.321228027344,4.31577318482237,-4.44884061813354,0,0,0.685786923100458,423.285078320276,2.32512084509034,0.123134687152451,436.364685058594,1.55542147159576,0.841570913791656,0,0,0.355833398897555,436.414197469291,0.530017548976457
2005,12,419.065856933594,7.17610636121236,-3.40591263771057,0,0,0.775241349759008,425.883060913525,2.41477975135939,0.12133595342773,436.918365478516,2.66487193107605,0.9657142162323,0,0,0.338871480589479,436.866675724652,0.522275129175144
2006,3,421.111145019531,11.0704828483014,0.234372273087502,0,0,0.858994494137698,428.575976963257,2.49778595753434,0.120004629852998,438.254791259766,2.30962657928467,2.11477851867676,0,0,0.322747973603672,437.473783573698,0.516544616723353
2006,6,427.449768066406,5.27737669955862,-0.712434589862823,0,0,0.927443885029024,431.375614672713,2.56812284917653,0.116100589755066,438.513702392578,3.17381858825684,2.47164940834045,0,0,0.294709031441826,437.890760836726,0.499740174273684
2006,9,449.210296630859,1.36496591630517,-2.63673877716064,0,0,0.949775598343404,434.718978733009,2.59437456091804,0.113138174638916,438.663024902344,2.14888429641724,2.5311496257782,0,0,0.270906091647396,438.331982104218,0.486988836407621
2006,12,446.934600830078,8.34273909678291,-1.45284831523895,0,0,0.607025809286386,436.924042304219,2.25718297633264,0.110227507565427,439.519256591797,1.71926856040955,2.93432521820068,0,0,0.246285474608095,438.882498568567,0.474460241388194
2007,3,429.901306152344,14.2411613658835,2.45369291305542,1,0,0.400475142246795,439.05319639624,2.05728349492134,0.105033175850236,439.819458007812,2.74871253967285,2.91622185707092,0,0,0.210643039088334,439.29550072365,0.452101903312036
2007,6,436.468841552734,2.99185004234894,1.40020203590393,1,0,0.23968187302521,441.090117704096,1.9031329302574,0.0998298107436987,440.429229736328,1.66132593154907,2.88079071044922,0,0,0.173957632626858,439.754127123482,0.429704682155483
2007,9,457.910125732422,5.69101622616366,0.445641160011292,1,0,0.0747043872435971,443.009558874571,1.74671995225741,0.0932469895173124,441.003753662109,1.95948421955109,2.66522550582886,0,0,0.129846449024681,440.174214988388,0.401369768148354
2007,12,453.818450927734,17.456585352561,2.62613368034363,1,0,-0.12304289682066,444.640652099798,1.5586951587466,0.0855319246693821,441.630004882812,2.75615048408508,1.96406853199005,0,0,0.0794206993608499,440.610244143933,0.368161255945519
2008,3,440.531219482422,21.0920495099448,1.10394823551178,1,0,-0.296709535947309,446.114688751697,1.39606705766122,0.075979513014843,441.202270507812,2.11244797706604,0.997767329216003,0,0,0.0208176378325348,440.807063975028,0.327044118857376
2008,6,446.458770751953,12.1595498004471,0.675713062286377,1,0,-0.455529519547185,447.513064928528,1.2462221666268,0.0684504663631424,441.795989990234,1.67678153514862,-0.316583871841431,0,0,-0.0294409041673701,441.195908482663,0.294636298244463
2008,9,468.644317626953,8.4737891123311,0.106807142496109,1,0,-0.659358261221209,448.704136977384,1.05398525765656,0.0587329859789617,441.269317626953,2.03650450706482,-0.908669173717499,0,0,-0.0889711055381365,441.393836670602,0.252808643872194
2008,12,461.645629882812,12.2616362285199,2.58048844337463,1,0,-0.900769635001227,449.472213345772,0.822663522448079,0.050364889090348,439.056274414062,-0.315165400505066,-0.813438475131989,0,0,-0.138964658041748,441.281004472851,0.216789238576516
2009,3,441.583160400391,23.6516777932417,8.57274150848389,1,1,-1.0609242257054,450.07510643048,0.665104888309847,0.0487240212178113,437.914825439453,-0.0045373379252851,-1.52696597576141,0,0,-0.156172044650627,441.337586062824,0.209726332192392
2009,6,438.290100097656,6.22562572548102,4.70395088195801,1,0,-1.14757421675753,450.591834642451,0.577714317063474,0.0500116863608916,437.735504150391,1.56297588348389,-1.45681810379028,0,0,-0.159315511472059,441.485778460005,0.21526892249591
2009,9,446.205871582031,2.99480057049452,2.33276987075806,1,0,-1.17052918255141,451.149028154475,0.553191236222334,0.0523870845136251,438.086486816406,1.41698348522186,-1.64077568054199,0,0,-0.157305282642537,441.660658943,0.225493520745762
2009,12,445.744567871094,4.76095951286518,2.20772814750671,1,0,-1.17173336110337,451.618516261012,0.549968416386646,0.0553696720926468,439.161743164062,2.48415637016296,-1.86141526699066,0,0,-0.153109121859459,441.962074494219,0.238331688404267
2010,3,445.742248535156,9.99972970856645,5.04385328292847,1,0,-1.09885853409352,452.225920664882,0.622247571052288,0.0567904971651973,439.644744873047,1.3659919500351,-1.78595745563507,0,0,-0.155812636676237,442.134413293635,0.244447448633106
2010,6,446.652008056641,8.79190826933242,4.1488790512085,1,0,-0.987972772959776,452.963814316705,0.731448730742008,0.0592788388704181,440.607971191406,1.07607138156891,-1.59052062034607,0,0,-0.153938359672983,442.412239176576,0.255158197993148
2010,9,453.243103027344,6.58226663693065,2.46809887886047,1,0,-0.85093094283525,453.904562939689,0.867905718548206,0.0609202947821016,441.376068115234,0.614864766597748,-1.25713860988617,0,0,-0.1561268389211,442.663163889048,0.262223635516745
2010,12,455.930145263672,12.9437093931712,2.12981653213501,0,0,-0.723411759315745,455.010732300506,0.995337832368494,0.062448714885949,441.899810791016,1.26246416568756,-1.2608003616333,0,0,-0.158690233689874,442.926247794357,0.268802524828777
2011,3,455.236724853516,18.5898999661171,2.65694904327393,0,0,-0.621075499513406,456.188157687494,1.09752368514034,0.0639107743260657,441.661926269531,1.75218796730042,-1.72215795516968,0,0,-0.160477734545009,443.066157372835,0.275095773131337
2011,6,456.637756347656,44.8942669002591,21.1761016845703,0,1,-0.517336689182625,457.582911472225,1.19859183846222,0.0677260223357111,442.336334228516,2.33219695091248,-1.97367823123932,0,0,-0.151516411509645,443.411932865315,0.291518021366767
2011,9,455.316772460938,47.7716369438429,48.0306777954102,0,1,-0.484450493321002,458.933697895211,1.22995957722786,0.0701935931251055,442.314025878906,1.82189834117889,-1.98828446865082,0,0,-0.147853784740595,443.583182474267,0.302139364969984
2011,12,457.084625244141,48.3316761692817,94.1939315795898,0,1,-0.471427738586021,460.44947337412,1.23938203265833,0.0748077917809525,443.430999755859,1.42308139801025,-1.96762800216675,0,0,-0.134845326221089,443.974890352303,0.322000594316631
2012,3,457.443481445312,27.1794915980435,2.03728437423706,0,1,-0.582258846628569,461.783850396282,1.12740382374454,0.0775280960111581,444.265930175781,2.51657009124756,-1.85584485530853,0,0,-0.130688943808187,444.316429505862,0.333709796767268
2012,6,458.932525634766,18.7969428760341,-5.29667520523071,0,0,-0.776294488708182,462.886900771298,0.93320997428379,0.0797067961918494,444.711181640625,1.65073525905609,-1.86114716529846,0,0,-0.12853646055522,444.632364648208,0.343087733694942
2012,9,457.136993408203,19.5046513515506,-11.0184020996094,0,0,-1.03457275109809,463.544828969357,0.674311712437408,0.0821120844402085,444.855529785156,1.15405535697937,-1.78712236881256,0,0,-0.124491039490359,444.922578436338,0.353440990047466
2012,12,457.564208984375,19.3097794773437,-17.2501888275146,0,0,-1.24871495855461,464.025501903193,0.457993584706829,0.085453677422475,444.971099853516,1.76485192775726,-1.77560126781464,0,0,-0.115360489566074,445.203454722449,0.367824450655483
2013,3,460.299102783203,21.5062338018111,7.40976572036743,0,0,-1.45557792940954,464.360119196783,0.247736185503556,0.0899899785162568,445.952545166016,1.5595371723175,-1.94108712673187,0,0,-0.101084004221639,445.659252182695,0.387350379885877
2013,6,458.626831054688,8.73112988728896,2.50745105743408,0,0,-1.70644785526752,464.193603825667,-0.00501885571243439,0.0927090235458472,446.220001220703,1.1270614862442,-1.82100915908813,0,0,-0.0945468247756546,445.961222824439,0.399054162268138
2013,9,458.542785644531,8.42252254835132,2.08484315872192,0,0,-1.85247040977004,463.929553973159,-0.154734154648592,0.0968268191518023,447.067901611328,1.57031393051147,-1.77416121959686,0,0,-0.0817101273229215,446.391913806488,0.416778688027092
2013,12,457.401397705078,18.7382076169469,2.91208934783936,0,0,-1.93643866774715,463.564609522389,-0.241707323576602,0.100059517144338,447.935333251953,1.7202183008194,-1.6519672870636,0,0,-0.0730891224559369,446.859066924587,0.430693424046711
2014,3,460.346801757812,20.8344118641483,8.66605091094971,0,0,-1.95553123910243,463.357916313606,-0.262531680434004,0.102200273072743,447.590026855469,1.26189434528351,-1.82922756671906,0,0,-0.0680708651898188,447.100177958368,0.439908034782074
2014,6,460.131866455078,18.9862613860582,8.7440071105957,0,0,-2.0197624982688,462.989543354667,-0.331449628254806,0.107635072663571,448.873413085938,1.74239194393158,-1.80780363082886,0,0,-0.0486476276506216,447.651067023499,0.463301436145432
2014,9,460.476379394531,13.1070023230075,4.79438543319702,0,0,-2.07830683022519,462.568783503089,-0.392068251368938,0.110530202871361,450.081298828125,1.49994814395905,-1.93850016593933,0,0,-0.0415653108409582,448.169193799653,0.475763154708947
2014,12,460.215637207031,11.7823530215306,2.01518774032593,0,0,-2.1382914570211,462.057055983187,-0.452525492263551,0.111966304055592,450.585815429688,1.08282887935638,-1.45928812026978,0,0,-0.0408285160571568,448.573083695322,0.481944669011298
2015,3,457.979248046875,17.014366545008,7.75760173797607,0,0,-2.17878175022795,461.478066685721,-0.49463794115,0.11428009801117,451.482330322266,0.667641997337341,-2.04750227928162,0,0,-0.0362910441013625,449.078418421723,0.491904099855133
2015,6,455.798980712891,10.7325010186857,5.40874481201172,0,0,-2.18630706102928,460.863137475626,-0.503381072243325,0.115652444404301,452.099700927734,1.77872741222382,-1.98901414871216,0,0,-0.0360294428530961,449.543910910623,0.497811189794243
2015,9,456.384033203125,6.08569495809854,5.04587459564209,0,0,-2.14528021816632,460.350114523746,-0.4637251743983,0.117066320931534,452.499298095703,1.28487992286682,-1.85495209693909,0,0,-0.0351473678382418,449.995325431313,0.503897040896391
2015,12,455.549835205078,10.1013649887909,5.68044137954712,0,0,-2.09320834090284,459.85453966177,-0.413516004168358,0.118966605888015,452.683654785156,0.995895504951477,-1.56537580490112,0,0,-0.0313438654105354,450.415484962597,0.512076575016974
2016,3,454.331756591797,19.4092797972137,11.4941539764404,0,0,-2.00493899683585,459.517901900324,-0.328620284802024,0.122047272896073,453.261596679688,1.67210590839386,-1.8349449634552,0,0,-0.0219921433078569,450.927182319184,0.525336913062924
2016,6,454.108978271484,10.728137870911,8.22002792358398,0,0,-1.92545481005229,459.276823503567,-0.252352752359233,0.124758693981145,453.582092285156,2.18787407875061,-1.8614627122879,0,0,-0.0138750329517885,451.387639207342,0.537007879148814
2016,9,453.401824951172,3.65977825782885,3.97097778320312,0,0,-1.86272707722046,459.040590268017,-0.193794878791399,0.128289017559853,454.288848876953,1.73173880577087,-1.83479952812195,0,0,-0.0019447876946711,451.928799404349,0.552203706527366
2016,12,453.737274169922,7.63479701217845,4.16621589660645,0,0,-1.781765995377,458.934271378489,-0.116624864732868,0.131323018919777,454.842071533203,1.37571060657501,-1.81850636005402,0,0,0.00796062562532129,452.445761279935,0.565263178245415
2017,3,454.506195068359,7.72659545819323,4.20311641693115,0,0,-1.71217970669665,458.909154852586,-0.0510922667326038,0.134619268502204,455.327301025391,1.85239827632904,-1.55574691295624,0,0,0.0194490405325315,452.967820954887,0.579451463974596
2017,6,455.822784423828,5.90105945503071,1.75700259208679,0,0,-1.66129093993289,458.948746758822,-0.00456190682153486,0.138319962895282,455.885589599609,1.33527207374573,-1.24369025230408,0,0,0.0330500636288156,453.508115044283,0.595380630784448
2017,9,456.779388427734,0.0357336398843984,-0.829273104667664,0,0,-1.63878410977863,458.951974055727,0.0134512732831672,0.142288598752733,456.671417236328,1.20700931549072,-0.827525675296783,0,0,0.0477525694066465,454.084802184684,0.612463117438612
2017,12,458.068206787109,5.92431755575787,-0.428053587675095,0,0,-1.61009536647498,459.014675786407,0.0380058267373093,0.146019739917843,457.792236328125,1.77521812915802,-0.831612825393677,0,0,0.0607217407417993,454.736227103868,0.628523338493691
2018,3,459.300964355469,7.62619089532036,3.5420925617218,0,0,-1.59736761671438,459.097076645794,0.048124332340163,0.148369813767827,458.602233886719,2.5374903678894,-0.686533212661743,0,0,0.0671037406053371,455.356047200767,0.638638931513716
2018,6,459.812744140625,4.34778861224837,3.26721429824829,0,0,-1.60490738179478,459.140440450986,0.0385237538659154,0.150240465715645,459.131652832031,2.14165115356445,-0.415558695793152,0,0,0.0714292457759325,455.949898586999,0.646690914129657
2018,9,459.2509765625,1.58982296150241,2.493901014328,0,0,-1.61315833801027,459.121003065667,0.0279483357011954,0.152282411443571,459.753509521484,1.27296376228333,-0.30902299284935,0,0,0.0765148252097907,456.589728119489,0.655480208965142
2018,12,459.548675537109,7.01384235134135,3.48317503929138,0,0,-1.59053656442032,459.176349561854,0.0486838825476919,0.153821915507784,459.894958496094,1.86353778839111,-0.00500580435618758,0,0,0.0797998185183721,457.145817672987,0.662106807770265
2019,3,460.517028808594,10.4846711539576,4.70137548446655,0,0,-1.56953038578196,459.303596362887,0.0667562935763544,0.156564664393355,460.517028808594,1.60119247436523,0.193761304020882,0,0,0.0884504665422278,457.793216206816,0.673912620376004
2019,6,460.502532958984,3.8200281196206,4.34647035598755,0,0,-1.58471069344647,459.34300560432,0.0492514814501572,0.158813519575116,461.349029541016,1.6863511800766,0.262532293796539,0,0,0.094285925588156,458.454099398346,0.683592530554071
2019,9,460.932281494141,1.06271489504756,3.06787848472595,0,0,-1.5925873019713,459.3590636943,0.0397917577404406,0.160402370907569,462.511993408203,1.48276317119598,0.101585850119591,0,0,0.0961105603509919,459.18292317675,0.690431538378666
2019,12,461.521514892578,4.50163899341649,2.4687614440918,0,0,-1.58641539950143,459.392982093352,0.0463335016177275,0.160211688901894,463.191436767578,1.40301358699799,-0.398976057767868,0,0,0.0895299564373904,459.898810119097,0.689610772016083
2020,3,460.651947021484,9.08112568613162,4.08323860168457,0,0,-1.57117714025859,459.436833549321,0.0629376469141533,0.158974302807597,461.866546630859,1.79856157302856,-0.847697019577026,0,0,0.0806708408123589,460.294563344837,0.684284601462492
2020,6,457.463043212891,5.85630897393956,3.53367948532104,0,0,-1.53329283816968,459.408994333443,0.0964808225169961,0.162906119774501,453.662322998047,-0.7526735663414,-1.70779097080231,1,0,0.0970242483246991,460.83016987138,0.701208605900353
2020,9,460.944122314453,2.83345856332337,2.58547258377075,0,0,-1.41264635815435,459.755580932079,0.210877059256695,0.169158938390499,461.138153076172,2.96415138244629,-1.68657004833221,1,0,0.12367857771852,461.600246617859,0.728123065779093
2020,12,461.631256103516,8.5940997792171,3.41457366943359,0,0,-1.3738539397566,459.992622942042,0.245957389494011,0.173683314659803,462.265106201172,1.79323935508728,-1.87506127357483,1,0,0.143200768529805,462.2179282436,0.747597666124116
2021,3,462.221893310547,14.6465201371591,3.45734024047852,0,0,-1.3174103462285,460.349781226792,0.297153224840437,0.179834345122455,463.651184082031,3.40117454528809,-2.08110117912292,1,0,0.170355115921449,462.966104936837,0.774073991884851
2021,6,463.317993164062,9.7670535563953,3.41309332847595,0,0,-1.28749784354323,460.742620266259,0.322672894765787,0.185392396022764,465.338775634766,5.64626455307007,-2.27207493782043,1,1,0.194546594205459,463.779257394046,0.79799791278312
2021,9,462.034118652344,5.0925006466431,2.12295293807983,0,0,-1.28871839036244,461.007308630223,0.318414601828239,0.189565523382508,466.160461425781,4.71887731552124,-2.75216031074524,1,1,0.212546382069027,464.547910516683,0.815960607015974
2021,12,463.147308349609,9.92676344680782,1.91212749481201,0,0,-1.24214844476926,461.432273289134,0.362119075368269,0.193545588216802,467.861602783203,5.16963052749634,-3.55878210067749,1,1,0.229538537237345,465.399173048366,0.833092288242632
2022,3,462.184722900391,20.4998932127671,3.17133665084839,0,0,-1.22027820892969,461.912863354066,0.382498018298196,0.196095940113805,467.606628417969,5.95113849639893,-2.53228187561035,1,1,0.240503574750653,466.183288624992,0.844069952560758
2022,6,454.892028808594,25.3021258852819,1.90924620628357,0,1,-1.23644988509072,462.179650417991,0.363343372589203,0.198812003689759,467.762878417969,4.74763488769531,-2.51210641860962,1,1,0.25284150825338,466.971540687804,0.855760901656272
2022,9,456.407958984375,7.35473822249094,0.215665385127068,0,0,-1.17126054244214,462.728065351159,0.424439628881109,0.201778268487464,468.482269287109,5.01376438140869,-1.53104734420776,1,0,0.266666071438139,467.80589623277,0.868528809985371
2022,12,458.491668701172,-4.12650079191568,-3.17743730545044,0,0,-1.16740461594005,463.163731061964,0.424927967221819,0.204356132235702,469.170074462891,4.60526561737061,-0.364751905202866,0,0,0.279428860876201,468.601496838247,0.879624895556651
2023,3,460.456634521484,6.87513544046686,-0.306461602449417,0,0,-1.15178856433955,463.660673136659,0.436757765745134,0.207522479558522,469.891479492188,4.6105170249939,1.93761277198792,0,0,0.295496206761653,469.428003988347,0.893254033584765
2023,6,460.595642089844,4.26528413312961,-0.553955078125,0,0,-1.15407893072895,464.075998229322,0.430404249527051,0.210867766952897,470.517425537109,3.89111280441284,2.30990815162659,0,0,0.312743891868403,470.25296951201,0.9076533963183
2023,9,462.441711425781,1.60532677511821,0.722845673561096,0,0,-1.12747296714756,464.558125622665,0.452629263783904,0.214513158992936,471.664459228516,2.34024548530579,2.63398742675781,0,0,0.330691670875998,471.198162802445,0.923344521206021
2023,12,463.883056640625,6.81300512780368,3.11245584487915,0,0,-1.10226728789019,465.070535206249,0.475463503553476,0.21635654599442,472.505035400391,2.11407327651978,2.59309101104736,0,0,0.339932846662697,472.107604486734,0.931279145339445
2024,3,464.922790527344,9.55790400021562,3.57294750213623,0,0,-1.0806230298194,465.619088221392,0.495630186704337,0.217413081625933,472.714477539062,3.91864848136902,3.00282549858093,0,0,0.34592097524024,472.918729192702,0.935826868152333
2024,6,466.05078125,5.41094344313085,3.03207778930664,0,0,-1.07005105970789,466.170378855512,0.503750674156071,0.219604555629949,473.596130371094,2.84212970733643,2.95675468444824,0,0,0.35657474114839,473.861846038446,0.94525978837258
2024,9,466.558837890625,2.31337694519698,2.37678456306458,0,0,-1.06922350185739,466.681384135859,0.503635645030252,0.220432025114795,474.417694091797,2.3244297504425,2.93532776832581,0,0,0.360424445761476,474.788808954169,0.948821525185764
2024,12,467.016082763672,4.48943446216189,2.30949687957764,0,0,-1.05195973166531,467.216496985361,0.520887572102053,0.220391353219714,474.876190185547,2.68107414245605,2.2848641872406,0,0,0.360317691197912,475.68362658055,0.948646458203083
2025,3,468.158020019531,9.23792126734299,4.07051610946655,0,0,-1.02150810467957,467.849733550703,0.551555570816608,0.220285006876721,474.713684082031,3.22255063056946,1.68005704879761,0,0,0.360821382971528,476.458221819265,0.948188703939365
2025,6,466.858612060547,10.5259625668157,5.00721883773804,0,0,-1.01555839224096,468.431979780263,0.555505720626934,0.222316530497752,475.655395507812,2.56670069694519,1.53631484508514,0,0,0.370742594248951,477.406609460602,0.956933138145576
2025,9,467.332153320312,3.51147742679704,4.72317218780518,0,0,-1.00253144419161,469.05824021756,0.567655156493598,0.223105672112895,476.725738525391,2.835618019104,1.5588995218277,0,0,0.374448517932425,478.339419731756,0.960329897534221
